#,LogFoldChange
1810006J02Rik,-1.39492925187874
2010007H06Rik,1.29131156020804
4930423D24Rik,-3.91559864616485
4930438A08Rik,-4.29885032760115
4933426B08Rik,1.90096137283905
5430403G16Rik,1.21248425655712
5830468F06Rik,-4.4815317331102
6430548M08Rik,-3.20018711874667
A530030E21Rik,1.39040512551602
A630066F11Rik,1.25467998237484
A730036I17Rik,-4.38510189561479
Abcb10,-1.14676324269822
Abcg4,-4.22944278126467
Ackr1,-6.08491221850861
Ackr3,1.78236710217249
Acod1,-7.50123587471618
Adamts6,1.00396171341944
Adgre1,-1.89441574953431
Akt3,1.12406707511994
Alas2,-3.75400179765472
Alox5ap,-2.21999860590659
Angptl2,-5.54418312043631
Ankle1,-1.75402114473738
Anln,-1.69660567014289
Anxa1,-1.13567448036746
Anxa2,-1.14838539495199
Aoah,-4.93022716260422
Apobr,-2.49480417085399
Apol10a,-5.01292170309061
Apol11b,-4.59072999384472
App,-2.45133936209683
Arhgap5,1.52718420585526
Arhgef10l,-6.84962680098262
Arrb1,-1.19258768990917
Art3,-4.57994163888218
B3gnt3,-3.03999080331154
BC024063,1.06101761633082
Bcl2a1a,-1.99964586322635
Bcl2l1,-1.59053630381607
Btnl10,-4.62513979580003
Cacna1d,1.18777845429572
Car7,1.11382411484498
Card9,-3.66253337548449
Cbr3,-3.32129133659113
Cc2d2b,2.18704045240128
Ccr1,1.21861152617835
Ccrl2,-1.88643058929383
Cd1d2,1.34765594224604
Cd244a,-1.92975943254459
Cd55,1.42420353700023
Cd55os,2.26379898860907
Cdc42ep4,-1.44835464733265
Cdkn1a,-2.14293342596404
Cdr2,-1.7396695265761
Cebpb,-2.36450386445513
Cebpd,-1.72892810995121
Cebpe,-3.51262303773306
Clec4d,-4.08419799478638
Clec4e,-5.97784427398512
Clec5a,-5.06401593679554
Cln8,-2.22115613791271
Coro2a,-2.11829428412407
Cp,-6.00090325001663
Cplx2,2.70801657473879
Cpne4,1.99545636784266
Cr2,1.32996179423248
Cracd,-2.82452355337963
Creg1,-1.21271103044326
Crisp1,4.61498140660807
Crisp3,2.56966823096862
Csf2ra,-1.67049854716428
Ctsg,-3.97432770339312
Cyp2ab1,-7.85155591499254
Cyth3,-1.44096514008467
Dapk2,-1.58385723146713
Ddx25,1.03867477619861
Denn2b,-2.0831095608765
Dhrs11,-1.43811196694448
Dock5,-2.56223471073556
Dram1,-2.73392205719568
Dusp16,-1.62272438870236
Dusp5,-1.08792519898788
Dyrk3,-1.27730546835538
Elane,-10.8124371937241
Eno3,-2.47897591260227
ENSMUSG00000120169,1.04931737011938
ENSMUSG00000120198,-1.21136100055806
ENSMUSG00000120318,1.84047906468116
ENSMUSG00000120534,3.82427354647865
ENSMUSG00000120714,1.17769687822957
ENSMUSG00000120878,-2.34957034029148
ENSMUSG00000121029,1.28425217652643
ENSMUSG00000121039,-1.1706169483763
ENSMUSG00000121277,1.57580411225058
Epm2a,1.23613961192665
Fabp4,-8.06892152331338
Fam20a,-5.33232401115828
Fam89a,-1.7711139529794
Fam8a1,1.06183368546366
Fcgr4,-4.90448218691206
Fcnb,-5.84482373691007
Fcrls,2.9245308565282
Fech,-1.79717426776517
Fgr,-1.27768246719324
Fhad1,-2.95691797322621
Fhdc1,-4.22571893729937
Fkbp1b,-3.84734714502592
Fmn1,-2.96407143223019
Fpr2,-5.86839582711099
Frrs1,-1.28147657265749
Ftl1-ps2,-1.58790681166634
Gad1,4.4126908076286
Gad1-ps,-3.47693174029945
Gclm,-1.07189197904244
Gcnt2,-5.42502234568487
Gfap,-4.05379773623236
Gk,-1.15010914238564
Gm10722,2.54764533651007
Gm11951,-5.72557805577038
Gm11998,1.04883072761769
Gm12678,-1.78826672130008
Gm12708,-1.11260028961654
Gm15675,1.66203085132763
Gm15707,-2.55094474346845
Gm15880,1.32041414227813
Gm15931,-3.38341392254532
Gm16120,-5.61398296723159
Gm16638,1.52336730473358
Gm17655,1.05280707663993
Gm20161,-5.90032492953538
Gm2065,-1.87970001896118
Gm33973,-6.75361138865092
Gm34225,1.55559655698747
Gm3604,1.31066030663238
Gm36298,1.93509351370344
Gm37010,1.72873831989743
Gm37033,1.043831960319
Gm43681,1.43058900997911
Gm44694,1.04436347193683
Gm45479,1.60155004604774
Gm45871,1.20802640615012
Gm48038,2.17653909601231
Gm48838,1.68181165463911
Gm4924,1.47678033328339
Gm49439,2.19996756249935
Gm50386,1.05769017061581
Gm5141,1.25556766819222
Gm5331,-4.46241270074024
Gm5487,-1.14538136544682
Gm9922,2.5822626792051
Gngt2,-1.6348697998799
Gp9,-3.38701899671076
Gpr156,3.80550062418821
Grk3,-1.84206794661929
Gstt1,-2.20810982368447
Havcr1,1.20308531244134
Hba-a2,-4.75415227509167
Hbq1a,-5.36120746044272
Hbq1b,-5.83420730390875
Hemgn,-2.43527544732021
Hepacam2,1.13908601266081
Hgfac,-1.94965668901202
Hgsnat,-1.13991133132064
Hmbs,-1.29641185206942
Hnf1b,-2.23640625242564
Ifih1,-1.2829808263117
Ifitm2,-3.40095733728266
Ifitm3,-2.7939850300057
Ifngas1,-1.59083475716486
Ighg2b,-1.46791078515832
Igsf3,-3.10898628110717
Il10,-2.06399886837508
Il18,1.85522508035
Il1r2,-1.94613973378966
Il31ra,-5.7766499366836
Il5ra,1.20858635911979
Il9r,1.30563020698683
Inhca,-4.41001928357164
Itgam,-1.95990031710501
Itln1,-1.34114558648423
Itsn1,-1.12003467915676
Jhy,1.06265782297506
Kdr,-3.94185742694625
Kel,-4.57503331585323
Kif24,-1.18843816266432
Klra2,-5.54263447105783
Lamp3,1.8840307970925
Lcp2,-2.03793819562305
Ldlrad3,-1.84808023928432
Loxl3,-3.76093187252783
Lpcat2,-1.16477653602632
Lrrc25,-2.75343396830242
Lst1,-2.48576516002627
Lurap1,2.0410056212103
Marchf8,-1.88573477299124
Metrnl,-3.13331920025761
Mettl27,-1.81520896110246
Mettl7a1,-1.22927324564083
Mfsd6,-1.09248241022841
Mgat4b,-1.1594177481061
Mgll,-1.82944912788266
Mgst3,-1.84742041470819
Micall2,-4.30094720179094
Mpo,-8.88860426251239
Mpp2,-5.64185990468397
Ms4a3,-5.93431366009355
Ms4a4a,-2.9918285617644
Ms4a6c,-1.29579193840352
Ms4a6d,-3.05662831834415
Msrb1,-1.19941055405022
Mt1,-1.45263298402198
Mybl2,-1.23607287618224
Mybpc2,1.09695797435071
Mylk3,-6.97746906442062
Myo1f,-1.29419496201947
Mzf1,2.30176484979531
Nacc2,-1.07658870687472
Nadk,-1.05979982149197
Nebl,1.50137989153832
Nfib,1.3266174641553
Nfix,-1.87938994069966
Ninl,-2.38426270252982
Nkrf,1.05552821634692
Nr4a1,-2.21521620626088
Nsg2,-7.46217929271055
Oas1g,-3.14907670793647
Odad4,-1.58739603632243
Olfr432,4.68417762222072
Orc1,-1.30220463515038
Palm,-1.58791353579986
Pcp4,1.89844900895892
Pdgfb,-4.42514414810811
Phlda3,-4.2840854018543
Pifo,2.78190003289403
Pir,-6.35989810202158
Pkd2,-3.09376029691731
Plin2,-1.24428659523089
Plxna4os1,-4.7800303420405
Plxnb2,-1.84122612168655
Pparg,-4.21511940256734
Prdx2,-1.03398920475264
Prokr1,-4.22229868716743
Prss34,-9.28812688523936
Prtn3,-5.48782182906748
Ptpre,-1.01720761195799
Qser1,1.00925179460511
Rad54l2,1.06366125092034
Rap1gap2,-2.05283119401977
Rasgrf1,-2.78759290389802
Redrum,-5.1608942601415
Rgs18,1.6013540819963
Rras,-1.00538118092562
S1pr5,-3.43669958955498
Samd11,-2.32891128368771
Scarb1,-1.31932224552598
Scarf2,-3.7722869375358
Sema3b,2.23699636430669
Serpinb7,1.73700164680221
Sgms2,-4.74304068017823
Sh3bp4,-2.2183198810358
Shtn1,-1.56860542567346
Ska1,-1.4167320618652
Slc12a2,-1.43223203068496
Slc15a3,-1.10537475757847
Slc16a1,-1.22016035565822
Slc16a10,-1.73007487895458
Slc16a3,-2.74820416824662
Slc22a4,-4.38135790343143
Slc29a1,-1.04917378733037
Slc30a4,1.15177542129026
Slc39a8,-1.37428622420989
Slc43a1,-2.06139732966004
Slc43a3,-1.31629460599951
Slc4a1,-4.87614087110528
Slc5a11,-8.05228493767705
Slc6a20a,-3.6546187626707
Slc8b1,-1.03655598200156
Slfn14,-5.19481686547063
Slfn4,-2.15658527064897
Smox,-2.46869692871984
Smpdl3b,-6.54672758539118
Snord72,2.23605724068858
Socs3,-1.58282609222635
Sowahc,-1.29953067819112
Sox5,-1.10282976407092
Specc1,-2.28568286599416
Spin2c,1.30626655154278
Spint1,-1.87018021262545
Spn,-1.03195944593657
Src,1.40458991727644
Stac2,1.01573281827269
Stom,-1.06499328095318
Ston2,-3.39756907794842
Svil,-1.19457985982615
Tac2,-4.87706807344817
Tbc1d2b,-2.66981372971362
Tbx21,-1.01542253213971
Tcf7l2,-3.23476383176517
Terb1,1.13858089448421
Tgm2,-1.81505440162296
Tiam2,-3.79257883184781
Tinagl1,-3.78976485582858
Tlcd1,-1.38592434937777
Tmcc2,-4.49934428690685
Tmeff1,1.2326051555999
Tmem26,-1.3951797704632
Tmem38b,-1.37053855204094
Tmem51,-1.5440635888203
Tmod1,-4.10759694633983
Tnfrsf1b,-2.18203938608434
Tnfrsf21,-1.32796792681254
Tnfsf4,1.22134162305845
Tom1l1,-2.00196361634552
Trbv1,-6.33697372042613
Trbv14,-5.17983082596356
Trem3,-5.32569303403776
Trpm5,4.06229943961664
Tspan33,-2.27621270336574
Tyms,-1.28035478450351
Vegfc,-5.04653443135591
Vpreb3,1.10617326128261
Vwf,-3.86956870944876
Wnt10a,1.22103756267474
Wnt6,-5.70170760614599
Xdh,-2.57465961134861
Xkrx,1.48860227044445
Ypel4,-6.78710603543761
Zbtb10,1.21655147286971
Zfp119a,1.07202818706662
Zfp119b,1.11011826691876
Zfp40,1.54344721283445
Zfp455,1.53731796249896
Zfp729a,1.1222480834298
Zfp729b,1.00556804198154
Zfp759,1.01370284798644
Zfp78,1.04235244442875
Zfp85,1.28883471113908
Zfp85os,3.60965934171242
Zfp945,1.14463352070986
Zfp964,1.35217772206937
Zfp975,1.30939450035046
