ensembl_gene_id,external_gene_name,entrezgene,log2FoldChange
ENSMUSG00000044694,2010007H06Rik,NA,1.29131156020804
ENSMUSG00000116644,4933426B08Rik,NA,1.90096137283905
ENSMUSG00000072763,5430403G16Rik,77200,1.21248425655712
ENSMUSG00000105160,A530030E21Rik,NA,1.39040512551602
ENSMUSG00000120335,A630066F11Rik,320642,1.25467998237484
ENSMUSG00000044337,Ackr3,12778,1.78236710217249
ENSMUSG00000046169,Adamts6,108154,1.00396171341944
ENSMUSG00000019699,Akt3,23797,1.12406707511994
ENSMUSG00000035133,Arhgap5,11855,1.52718420585526
ENSMUSG00000112160,BC024063,666584,1.06101761633082
ENSMUSG00000015968,Cacna1d,12289,1.18777845429572
ENSMUSG00000031883,Car7,12354,1.11382411484498
ENSMUSG00000108929,Cc2d2b,668310,2.18704045240128
ENSMUSG00000025804,Ccr1,12768,1.21861152617835
ENSMUSG00000041750,Cd1d2,12480,1.34765594224604
ENSMUSG00000026399,Cd55,13136,1.42420353700023
ENSMUSG00000087691,Cd55os,102640368,2.26379898860907
ENSMUSG00000025867,Cplx2,12890,2.70801657473879
ENSMUSG00000032564,Cpne4,74020,1.99545636784266
ENSMUSG00000026616,Cr2,12902,1.32996179423248
ENSMUSG00000025431,Crisp1,11571,4.61498140660807
ENSMUSG00000025433,Crisp3,11572,2.56966823096862
ENSMUSG00000032101,Ddx25,30959,1.03867477619861
ENSMUSG00000120169,ENSMUSG00000120169,NA,1.04931737011938
ENSMUSG00000120318,ENSMUSG00000120318,NA,1.84047906468116
ENSMUSG00000120534,ENSMUSG00000120534,NA,3.82427354647865
ENSMUSG00000120714,ENSMUSG00000120714,NA,1.17769687822957
ENSMUSG00000121029,ENSMUSG00000121029,NA,1.28425217652643
ENSMUSG00000121277,ENSMUSG00000121277,NA,1.57580411225058
ENSMUSG00000055493,Epm2a,13853,1.23613961192665
ENSMUSG00000069237,Fam8a1,97863,1.06183368546366
ENSMUSG00000015852,Fcrls,80891,2.9245308565282
ENSMUSG00000070880,Gad1,14415,4.4126908076286
ENSMUSG00000091028,Gm10722,NA,2.54764533651007
ENSMUSG00000087452,Gm11998,102631513,1.04883072761769
ENSMUSG00000086825,Gm15675,NA,1.66203085132763
ENSMUSG00000084821,Gm15880,100504375,1.32041414227813
ENSMUSG00000087088,Gm16638,102631889,1.52336730473358
ENSMUSG00000090963,Gm17655,NA,1.05280707663993
ENSMUSG00000108722,Gm34225,102637410,1.55559655698747
ENSMUSG00000094942,Gm3604,100041979,1.31066030663238
ENSMUSG00000114172,Gm36298,NA,1.93509351370344
ENSMUSG00000103883,Gm37010,NA,1.72873831989743
ENSMUSG00000104388,Gm37033,NA,1.043831960319
ENSMUSG00000106870,Gm43681,NA,1.43058900997911
ENSMUSG00000108633,Gm44694,NA,1.04436347193683
ENSMUSG00000109751,Gm45479,NA,1.60155004604774
ENSMUSG00000110277,Gm45871,108168395,1.20802640615012
ENSMUSG00000111729,Gm48038,NA,2.17653909601231
ENSMUSG00000113894,Gm48838,NA,1.68181165463911
ENSMUSG00000073427,Gm4924,237412,1.47678033328339
ENSMUSG00000115986,Gm49439,NA,2.19996756249935
ENSMUSG00000117736,Gm50386,NA,1.05769017061581
ENSMUSG00000091183,Gm5141,380850,1.25556766819222
ENSMUSG00000053821,Gm9922,NA,2.5822626792051
ENSMUSG00000046961,Gpr156,239845,3.80550062418821
ENSMUSG00000040405,Havcr1,171283,1.20308531244134
ENSMUSG00000044156,Hepacam2,101202,1.13908601266081
ENSMUSG00000039217,Il18,16173,1.85522508035
ENSMUSG00000005364,Il5ra,16192,1.20858635911979
ENSMUSG00000020279,Il9r,16199,1.30563020698683
ENSMUSG00000032023,Jhy,70989,1.06265782297506
ENSMUSG00000041247,Lamp3,239739,1.8840307970925
ENSMUSG00000028701,Lurap1,68075,2.0410056212103
ENSMUSG00000038670,Mybpc2,233199,1.09695797435071
ENSMUSG00000030380,Mzf1,109889,2.30176484979531
ENSMUSG00000053702,Nebl,74103,1.50137989153832
ENSMUSG00000008575,Nfib,18028,1.3266174641553
ENSMUSG00000044149,Nkrf,77286,1.05552821634692
ENSMUSG00000047048,Olfr432,258711,4.68417762222072
ENSMUSG00000090223,Pcp4,18546,1.89844900895892
ENSMUSG00000010136,Pifo,100503311,2.78190003289403
ENSMUSG00000074994,Qser1,99003,1.00925179460511
ENSMUSG00000040661,Rad54l2,81000,1.06366125092034
ENSMUSG00000026357,Rgs18,64214,1.6013540819963
ENSMUSG00000057969,Sema3b,20347,2.23699636430669
ENSMUSG00000067001,Serpinb7,116872,1.73700164680221
ENSMUSG00000005802,Slc30a4,22785,1.15177542129026
ENSMUSG00000077737,Snord72,NA,2.23605724068858
ENSMUSG00000046550,Spin2c,278240,1.30626655154278
ENSMUSG00000027646,Src,20779,1.40458991727644
ENSMUSG00000017400,Stac2,217154,1.01573281827269
ENSMUSG00000052616,Terb1,320022,1.13858089448421
ENSMUSG00000028347,Tmeff1,230157,1.2326051555999
ENSMUSG00000026700,Tnfsf4,22164,1.22134162305845
ENSMUSG00000009246,Trpm5,56843,4.06229943961664
ENSMUSG00000000903,Vpreb3,22364,1.10617326128261
ENSMUSG00000026167,Wnt10a,22409,1.22103756267474
ENSMUSG00000031258,Xkrx,331524,1.48860227044445
ENSMUSG00000069114,Zbtb10,229055,1.21655147286971
ENSMUSG00000057835,Zfp119a,104349,1.07202818706662
ENSMUSG00000062101,Zfp119b,240120,1.11011826691876
ENSMUSG00000002617,Zfp40,22700,1.54344721283445
ENSMUSG00000051037,Zfp455,218311,1.53731796249896
ENSMUSG00000021510,Zfp729a,212281,1.1222480834298
ENSMUSG00000058093,Zfp729b,100416706,1.00556804198154
ENSMUSG00000057396,Zfp759,268670,1.01370284798644
ENSMUSG00000055150,Zfp78,330463,1.04235244442875
ENSMUSG00000058331,Zfp85,22746,1.28883471113908
ENSMUSG00000044081,Zfp85os,NA,3.60965934171242
ENSMUSG00000059142,Zfp945,240041,1.14463352070986
ENSMUSG00000091764,Zfp964,636741,1.35217772206937
ENSMUSG00000069727,Zfp975,434179,1.30939450035046
