NAME	GS<br> follow link to MSigDB	GS DETAILS	SIZE	ES	NES	NOM p-val	FDR q-val	FWER p-val	RANK AT MAX	LEADING EDGE	
REACTOME_REGULATION_OF_ENDOGENOUS_RETROELEMENTS	REACTOME_REGULATION_OF_ENDOGENOUS_RETROELEMENTS	Details ...	74	0.5319227	2.4109063	0.0	0.0	0.0	4152	tags=62%, list=27%, signal=85%	
REACTOME_DEPOSITION_OF_NEW_CENPA_CONTAINING_NUCLEOSOMES_AT_THE_CENTROMERE	REACTOME_DEPOSITION_OF_NEW_CENPA_CONTAINING_NUCLEOSOMES_AT_THE_CENTROMERE	Details ...	61	0.5338811	2.3109972	0.0	2.810321E-4	0.001	5256	tags=67%, list=34%, signal=102%	
REACTOME_INHIBITION_OF_DNA_RECOMBINATION_AT_TELOMERE	REACTOME_INHIBITION_OF_DNA_RECOMBINATION_AT_TELOMERE	Details ...	43	0.5633829	2.28067	0.0	3.7341198E-4	0.002	4335	tags=60%, list=28%, signal=84%	
WP_ELECTRON_TRANSPORT_CHAIN	WP_ELECTRON_TRANSPORT_CHAIN	Details ...	91	0.46962342	2.2461376	0.0	8.599462E-4	0.006	3590	tags=41%, list=23%, signal=53%	
REACTOME_CONDENSATION_OF_PROPHASE_CHROMOSOMES	REACTOME_CONDENSATION_OF_PROPHASE_CHROMOSOMES	Details ...	55	0.5060764	2.1260183	0.0	0.0066251582	0.056	4335	tags=58%, list=28%, signal=81%	
REACTOME_BASE_EXCISION_REPAIR_AP_SITE_FORMATION	REACTOME_BASE_EXCISION_REPAIR_AP_SITE_FORMATION	Details ...	49	0.5154619	2.121341	0.0	0.0063825473	0.064	4799	tags=55%, list=31%, signal=80%	
REACTOME_COMPLEX_I_BIOGENESIS	REACTOME_COMPLEX_I_BIOGENESIS	Details ...	63	0.4786504	2.0922337	0.0	0.0077116787	0.09	3577	tags=43%, list=23%, signal=56%	
WP_OXIDATIVE_PHOSPHORYLATION	WP_OXIDATIVE_PHOSPHORYLATION	Details ...	53	0.4647936	2.003584	0.0	0.022818618	0.265	3527	tags=40%, list=23%, signal=51%	
REACTOME_PRC2_METHYLATES_HISTONES_AND_DNA	REACTOME_PRC2_METHYLATES_HISTONES_AND_DNA	Details ...	57	0.47022513	1.9990147	0.0	0.021700306	0.282	4335	tags=54%, list=28%, signal=75%	
REACTOME_DNA_DAMAGE_TELOMERE_STRESS_INDUCED_SENESCENCE	REACTOME_DNA_DAMAGE_TELOMERE_STRESS_INDUCED_SENESCENCE	Details ...	65	0.4373425	1.9262556	0.0	0.049389776	0.572	4335	tags=46%, list=28%, signal=64%	
REACTOME_RESPIRATORY_ELECTRON_TRANSPORT	REACTOME_RESPIRATORY_ELECTRON_TRANSPORT	Details ...	132	0.37618345	1.9005713	0.0	0.061670247	0.68	3590	tags=34%, list=23%, signal=44%	
REACTOME_HDACS_DEACETYLATE_HISTONES	REACTOME_HDACS_DEACETYLATE_HISTONES	Details ...	70	0.4136664	1.8779787	0.0	0.069762975	0.765	4360	tags=47%, list=28%, signal=65%	
REACTOME_FORMATION_OF_ATP_BY_CHEMIOSMOTIC_COUPLING	REACTOME_FORMATION_OF_ATP_BY_CHEMIOSMOTIC_COUPLING	Details ...	20	0.5588129	1.8443379	0.004494382	0.09154469	0.865	3574	tags=55%, list=23%, signal=72%	
REACTOME_RUNX1_REGULATES_GENES_INVOLVED_IN_MEGAKARYOCYTE_DIFFERENTIATION_AND_PLATELET_FUNCTION	REACTOME_RUNX1_REGULATES_GENES_INVOLVED_IN_MEGAKARYOCYTE_DIFFERENTIATION_AND_PLATELET_FUNCTION	Details ...	62	0.41551843	1.8406987	0.0	0.0881308	0.878	4152	tags=48%, list=27%, signal=66%	
REACTOME_CHROMOSOME_MAINTENANCE	REACTOME_CHROMOSOME_MAINTENANCE	Details ...	112	0.36775798	1.8134227	0.0	0.10723034	0.936	5287	tags=53%, list=34%, signal=80%	
REACTOME_PROCESSING_OF_DNA_DOUBLE_STRAND_BREAK_ENDS	REACTOME_PROCESSING_OF_DNA_DOUBLE_STRAND_BREAK_ENDS	Details ...	82	0.38215083	1.7728037	0.0	0.15143113	0.986	5507	tags=54%, list=36%, signal=83%	
REACTOME_G2_M_DNA_DAMAGE_CHECKPOINT	REACTOME_G2_M_DNA_DAMAGE_CHECKPOINT	Details ...	79	0.37177214	1.7465557	0.0023310024	0.18117538	0.995	5507	tags=53%, list=36%, signal=82%	
REACTOME_ESTROGEN_DEPENDENT_GENE_EXPRESSION	REACTOME_ESTROGEN_DEPENDENT_GENE_EXPRESSION	Details ...	70	0.38420382	1.7452831	0.0023255814	0.1726937	0.995	4152	tags=50%, list=27%, signal=68%	
REACTOME_E3_UBIQUITIN_LIGASES_UBIQUITINATE_TARGET_PROTEINS	REACTOME_E3_UBIQUITIN_LIGASES_UBIQUITINATE_TARGET_PROTEINS	Details ...	47	0.42357913	1.7408035	0.0023364485	0.16925098	0.996	4445	tags=47%, list=29%, signal=66%	
REACTOME_METALLOPROTEASE_DUBS	REACTOME_METALLOPROTEASE_DUBS	Details ...	35	0.45007464	1.7098259	0.01146789	0.21091844	1.0	4312	tags=46%, list=28%, signal=63%	
REACTOME_EPIGENETIC_REGULATION_OF_GENE_EXPRESSION	REACTOME_EPIGENETIC_REGULATION_OF_GENE_EXPRESSION	Details ...	153	0.33127448	1.7053555	0.0	0.20886534	1.0	4152	tags=42%, list=27%, signal=58%	
REACTOME_TELOMERE_MAINTENANCE	REACTOME_TELOMERE_MAINTENANCE	Details ...	85	0.36671135	1.6993529	0.0024390244	0.21001984	1.0	3936	tags=40%, list=26%, signal=53%	
REACTOME_RNA_POLYMERASE_II_PROMOTER_ESCAPE	REACTOME_RNA_POLYMERASE_II_PROMOTER_ESCAPE	Details ...	44	0.41441974	1.6991804	0.00456621	0.20128827	1.0	2700	tags=36%, list=18%, signal=44%	
REACTOME_HATS_ACETYLATE_HISTONES	REACTOME_HATS_ACETYLATE_HISTONES	Details ...	56	0.4037449	1.6940681	0.004716981	0.20066549	1.0	4442	tags=54%, list=29%, signal=75%	
REACTOME_BASE_EXCISION_REPAIR	REACTOME_BASE_EXCISION_REPAIR	Details ...	77	0.36492357	1.6732426	0.004854369	0.22723056	1.0	4417	tags=43%, list=29%, signal=60%	
REACTOME_LYSINE_CATABOLISM	REACTOME_LYSINE_CATABOLISM	Details ...	9	0.6297255	1.6304184	0.042643923	0.30310565	1.0	2366	tags=56%, list=15%, signal=66%	
REACTOME_NONHOMOLOGOUS_END_JOINING_NHEJ	REACTOME_NONHOMOLOGOUS_END_JOINING_NHEJ	Details ...	54	0.38361654	1.6238537	0.014563107	0.30622983	1.0	4335	tags=46%, list=28%, signal=64%	
REACTOME_AEROBIC_RESPIRATION_AND_RESPIRATORY_ELECTRON_TRANSPORT	REACTOME_AEROBIC_RESPIRATION_AND_RESPIRATORY_ELECTRON_TRANSPORT	Details ...	226	0.29584572	1.612266	0.0	0.32076955	1.0	3590	tags=31%, list=23%, signal=40%	
REACTOME_ESTABLISHMENT_OF_SISTER_CHROMATID_COHESION	REACTOME_ESTABLISHMENT_OF_SISTER_CHROMATID_COHESION	Details ...	11	0.5744791	1.6106396	0.042128604	0.31317052	1.0	6566	tags=100%, list=43%, signal=174%	
REACTOME_HDMS_DEMETHYLATE_HISTONES	REACTOME_HDMS_DEMETHYLATE_HISTONES	Details ...	37	0.409175	1.6023915	0.011876484	0.32151955	1.0	3256	tags=43%, list=21%, signal=55%	
REACTOME_MRNA_SPLICING	REACTOME_MRNA_SPLICING	Details ...	194	0.30037162	1.6019677	0.0027100272	0.31209332	1.0	4823	tags=42%, list=31%, signal=61%	
REACTOME_PROTEIN_UBIQUITINATION	REACTOME_PROTEIN_UBIQUITINATION	Details ...	67	0.35343418	1.5905565	0.0023809525	0.32815853	1.0	4482	tags=48%, list=29%, signal=67%	
REACTOME_COMPLEX_IV_ASSEMBLY	REACTOME_COMPLEX_IV_ASSEMBLY	Details ...	39	0.403097	1.586617	0.02173913	0.32671562	1.0	4034	tags=36%, list=26%, signal=48%	
REACTOME_RMTS_METHYLATE_HISTONE_ARGININES	REACTOME_RMTS_METHYLATE_HISTONE_ARGININES	Details ...	55	0.3717941	1.5719059	0.012135922	0.3500067	1.0	3936	tags=45%, list=26%, signal=61%	
REACTOME_PROLACTIN_RECEPTOR_SIGNALING	REACTOME_PROLACTIN_RECEPTOR_SIGNALING	Details ...	7	0.64224315	1.5641026	0.044444446	0.35791856	1.0	3623	tags=57%, list=23%, signal=75%	
REACTOME_ESR_MEDIATED_SIGNALING	REACTOME_ESR_MEDIATED_SIGNALING	Details ...	122	0.30995694	1.5634985	0.0025773195	0.34932566	1.0	3256	tags=34%, list=21%, signal=42%	
REACTOME_PROCESSING_OF_CAPPED_INTRON_CONTAINING_PRE_MRNA	REACTOME_PROCESSING_OF_CAPPED_INTRON_CONTAINING_PRE_MRNA	Details ...	261	0.2705674	1.5048187	0.0	0.49525884	1.0	5092	tags=44%, list=33%, signal=65%	
REACTOME_STRIATED_MUSCLE_CONTRACTION	REACTOME_STRIATED_MUSCLE_CONTRACTION	Details ...	17	0.4597265	1.4457537	0.072115384	0.6849985	1.0	4292	tags=47%, list=28%, signal=65%	
REACTOME_CAM_PDE_1_ACTIVATION	REACTOME_CAM_PDE_1_ACTIVATION	Details ...	5	0.660385	1.419415	0.1199187	0.77076185	1.0	4809	tags=60%, list=31%, signal=87%	
REACTOME_SIGNALING_BY_BMP	REACTOME_SIGNALING_BY_BMP	Details ...	17	0.44245693	1.4181637	0.082474224	0.75724024	1.0	3727	tags=59%, list=24%, signal=77%	
REACTOME_MITOTIC_TELOPHASE_CYTOKINESIS	REACTOME_MITOTIC_TELOPHASE_CYTOKINESIS	Details ...	13	0.485913	1.4157066	0.10412148	0.74879503	1.0	6745	tags=92%, list=44%, signal=164%	
REACTOME_RNA_POLYMERASE_II_TRANSCRIPTION_TERMINATION	REACTOME_RNA_POLYMERASE_II_TRANSCRIPTION_TERMINATION	Details ...	61	0.3220114	1.3964716	0.046189375	0.81155103	1.0	5426	tags=56%, list=35%, signal=86%	
REACTOME_CELLULAR_SENESCENCE	REACTOME_CELLULAR_SENESCENCE	Details ...	130	0.27229846	1.3694279	0.01909308	0.9110076	1.0	4374	tags=38%, list=28%, signal=53%	
REACTOME_COHESIN_LOADING_ONTO_CHROMATIN	REACTOME_COHESIN_LOADING_ONTO_CHROMATIN	Details ...	10	0.50420874	1.3690372	0.116630666	0.8919645	1.0	5354	tags=70%, list=35%, signal=107%	
REACTOME_MITOTIC_PROPHASE	REACTOME_MITOTIC_PROPHASE	Details ...	111	0.27527127	1.3575248	0.035264485	0.9243944	1.0	4508	tags=43%, list=29%, signal=61%	
REACTOME_TRANSLESION_SYNTHESIS_BY_POLH	REACTOME_TRANSLESION_SYNTHESIS_BY_POLH	Details ...	20	0.40883976	1.3556061	0.11633109	0.9130144	1.0	3814	tags=50%, list=25%, signal=66%	
REACTOME_MITOCHONDRIAL_BIOGENESIS	REACTOME_MITOCHONDRIAL_BIOGENESIS	Details ...	31	0.3600114	1.3441215	0.114832535	0.9458779	1.0	3574	tags=42%, list=23%, signal=54%	
REACTOME_CDC6_ASSOCIATION_WITH_THE_ORC_ORIGIN_COMPLEX	REACTOME_CDC6_ASSOCIATION_WITH_THE_ORC_ORIGIN_COMPLEX	Details ...	8	0.52850735	1.307789	0.18380743	1.0	1.0	4052	tags=63%, list=26%, signal=85%	
BIOCARTA_TERC_PATHWAY	BIOCARTA_TERC_PATHWAY	Details ...	6	0.5926209	1.3072556	0.19409283	1.0	1.0	2672	tags=67%, list=17%, signal=81%	
REACTOME_TRANSLESION_SYNTHESIS_BY_POLK	REACTOME_TRANSLESION_SYNTHESIS_BY_POLK	Details ...	18	0.40886867	1.3032043	0.132287	1.0	1.0	3814	tags=44%, list=25%, signal=59%	
BIOCARTA_MCM_PATHWAY	BIOCARTA_MCM_PATHWAY		12	0.46264198	1.2970113	0.16344085	1.0	1.0	4052	tags=50%, list=26%, signal=68%	
REACTOME_COMPLEX_III_ASSEMBLY	REACTOME_COMPLEX_III_ASSEMBLY		17	0.4045621	1.2904928	0.15434782	1.0	1.0	3497	tags=35%, list=23%, signal=46%	
WP_MRNA_PROCESSING	WP_MRNA_PROCESSING		404	0.21828392	1.283594	0.012738854	1.0	1.0	5010	tags=41%, list=32%, signal=59%	
REACTOME_DNA_DOUBLE_STRAND_BREAK_RESPONSE	REACTOME_DNA_DOUBLE_STRAND_BREAK_RESPONSE		65	0.28929746	1.2802689	0.10120482	1.0	1.0	5380	tags=51%, list=35%, signal=78%	
REACTOME_CELL_CYCLE_CHECKPOINTS	REACTOME_CELL_CYCLE_CHECKPOINTS		269	0.22434993	1.2644382	0.021212121	1.0	1.0	5287	tags=41%, list=34%, signal=61%	
REACTOME_CONDENSATION_OF_PROMETAPHASE_CHROMOSOMES	REACTOME_CONDENSATION_OF_PROMETAPHASE_CHROMOSOMES		8	0.5068249	1.2636362	0.18318966	1.0	1.0	4040	tags=50%, list=26%, signal=68%	
WP_MITOCHONDRIAL_GENE_EXPRESSION	WP_MITOCHONDRIAL_GENE_EXPRESSION		19	0.38580534	1.2533959	0.16666667	1.0	1.0	2280	tags=32%, list=15%, signal=37%	
REACTOME_TRANSCRIPTIONAL_REGULATION_BY_RUNX1	REACTOME_TRANSCRIPTIONAL_REGULATION_BY_RUNX1		164	0.23522177	1.2330106	0.065714285	1.0	1.0	4335	tags=35%, list=28%, signal=48%	
REACTOME_MITOCHONDRIAL_TRANSLATION	REACTOME_MITOCHONDRIAL_TRANSLATION		88	0.26193115	1.2322468	0.09319899	1.0	1.0	5839	tags=47%, list=38%, signal=75%	
BIOCARTA_CDC42RAC_PATHWAY	BIOCARTA_CDC42RAC_PATHWAY		6	0.5546873	1.226114	0.21129707	1.0	1.0	2970	tags=50%, list=19%, signal=62%	
REACTOME_KSRP_KHSRP_BINDS_AND_DESTABILIZES_MRNA	REACTOME_KSRP_KHSRP_BINDS_AND_DESTABILIZES_MRNA		14	0.4048462	1.2239302	0.20666666	1.0	1.0	5352	tags=57%, list=35%, signal=87%	
REACTOME_HOMOLOGY_DIRECTED_REPAIR	REACTOME_HOMOLOGY_DIRECTED_REPAIR		122	0.24869926	1.2231975	0.12113402	1.0	1.0	5507	tags=43%, list=36%, signal=66%	
REACTOME_APC_CDC20_MEDIATED_DEGRADATION_OF_NEK2A	REACTOME_APC_CDC20_MEDIATED_DEGRADATION_OF_NEK2A		27	0.33539867	1.213922	0.19823788	1.0	1.0	3713	tags=33%, list=24%, signal=44%	
REACTOME_VASOPRESSIN_REGULATES_RENAL_WATER_HOMEOSTASIS_VIA_AQUAPORINS	REACTOME_VASOPRESSIN_REGULATES_RENAL_WATER_HOMEOSTASIS_VIA_AQUAPORINS		24	0.34813696	1.213758	0.19399539	1.0	1.0	2264	tags=25%, list=15%, signal=29%	
REACTOME_DUAL_INCISION_IN_TC_NER	REACTOME_DUAL_INCISION_IN_TC_NER		62	0.27163804	1.2127393	0.1438849	1.0	1.0	4711	tags=40%, list=31%, signal=58%	
REACTOME_G2_M_CHECKPOINTS	REACTOME_G2_M_CHECKPOINTS		151	0.23771001	1.2107687	0.10481586	1.0	1.0	4335	tags=31%, list=28%, signal=43%	
REACTOME_PKMTS_METHYLATE_HISTONE_LYSINES	REACTOME_PKMTS_METHYLATE_HISTONE_LYSINES		56	0.28634346	1.2081679	0.16933638	1.0	1.0	4344	tags=43%, list=28%, signal=59%	
REACTOME_SYNTHESIS_OF_ACTIVE_UBIQUITIN_ROLES_OF_E1_AND_E2_ENZYMES	REACTOME_SYNTHESIS_OF_ACTIVE_UBIQUITIN_ROLES_OF_E1_AND_E2_ENZYMES		31	0.32018778	1.2078928	0.20261438	1.0	1.0	4783	tags=55%, list=31%, signal=79%	
REACTOME_TRANSLATION	REACTOME_TRANSLATION		227	0.22032337	1.2060617	0.08356546	1.0	1.0	4724	tags=34%, list=31%, signal=48%	
REACTOME_SIGNALING_BY_NUCLEAR_RECEPTORS	REACTOME_SIGNALING_BY_NUCLEAR_RECEPTORS		156	0.23370598	1.2040042	0.10966057	1.0	1.0	3256	tags=28%, list=21%, signal=35%	
WP_ESTROGEN_SIGNALING	WP_ESTROGEN_SIGNALING		70	0.26057744	1.1944451	0.15662651	1.0	1.0	4941	tags=44%, list=32%, signal=65%	
REACTOME_RNA_POLYMERASE_II_PRE_TRANSCRIPTION_EVENTS	REACTOME_RNA_POLYMERASE_II_PRE_TRANSCRIPTION_EVENTS		76	0.25855288	1.1886843	0.15594059	1.0	1.0	4098	tags=37%, list=27%, signal=50%	
REACTOME_ESTROGEN_DEPENDENT_NUCLEAR_EVENTS_DOWNSTREAM_OF_ESR_MEMBRANE_SIGNALING	REACTOME_ESTROGEN_DEPENDENT_NUCLEAR_EVENTS_DOWNSTREAM_OF_ESR_MEMBRANE_SIGNALING		9	0.46130157	1.1827147	0.25221238	1.0	1.0	3054	tags=33%, list=20%, signal=42%	
REACTOME_RHOBTB1_GTPASE_CYCLE	REACTOME_RHOBTB1_GTPASE_CYCLE		22	0.34486872	1.1762722	0.19739696	1.0	1.0	4616	tags=50%, list=30%, signal=71%	
REACTOME_RNA_POLYMERASE_II_TRANSCRIBES_SNRNA_GENES	REACTOME_RNA_POLYMERASE_II_TRANSCRIBES_SNRNA_GENES		72	0.2584591	1.172349	0.18227848	1.0	1.0	2525	tags=25%, list=16%, signal=30%	
REACTOME_TP53_REGULATES_TRANSCRIPTION_OF_GENES_INVOLVED_IN_G2_CELL_CYCLE_ARREST	REACTOME_TP53_REGULATES_TRANSCRIPTION_OF_GENES_INVOLVED_IN_G2_CELL_CYCLE_ARREST		7	0.4952455	1.1716611	0.26548672	1.0	1.0	3201	tags=29%, list=21%, signal=36%	
REACTOME_RHO_GTPASES_ACTIVATE_ROCKS	REACTOME_RHO_GTPASES_ACTIVATE_ROCKS		5	0.55439395	1.1694236	0.30327868	1.0	1.0	2386	tags=60%, list=15%, signal=71%	
REACTOME_MRNA_DECAY_BY_3_TO_5_EXORIBONUCLEASE	REACTOME_MRNA_DECAY_BY_3_TO_5_EXORIBONUCLEASE		15	0.3800863	1.1663195	0.255079	1.0	1.0	4987	tags=47%, list=32%, signal=69%	
REACTOME_MAJOR_PATHWAY_OF_RRNA_PROCESSING_IN_THE_NUCLEOLUS_AND_CYTOSOL	REACTOME_MAJOR_PATHWAY_OF_RRNA_PROCESSING_IN_THE_NUCLEOLUS_AND_CYTOSOL		177	0.21826184	1.1658348	0.13715711	1.0	1.0	4950	tags=38%, list=32%, signal=55%	
BIOCARTA_PRC2_PATHWAY	BIOCARTA_PRC2_PATHWAY		10	0.43720832	1.165736	0.25208333	1.0	1.0	4915	tags=60%, list=32%, signal=88%	
REACTOME_EUKARYOTIC_TRANSLATION_INITIATION	REACTOME_EUKARYOTIC_TRANSLATION_INITIATION		119	0.24014696	1.162669	0.14021164	1.0	1.0	4820	tags=36%, list=31%, signal=52%	
REACTOME_REGULATION_OF_TP53_ACTIVITY_THROUGH_PHOSPHORYLATION	REACTOME_REGULATION_OF_TP53_ACTIVITY_THROUGH_PHOSPHORYLATION		86	0.24767618	1.1473908	0.24074075	1.0	1.0	5726	tags=48%, list=37%, signal=75%	
REACTOME_GLUCAGON_LIKE_PEPTIDE_1_GLP1_REGULATES_INSULIN_SECRETION	REACTOME_GLUCAGON_LIKE_PEPTIDE_1_GLP1_REGULATES_INSULIN_SECRETION		24	0.32609656	1.1431619	0.24489796	1.0	1.0	2371	tags=29%, list=15%, signal=34%	
REACTOME_REGULATION_OF_INSULIN_SECRETION	REACTOME_REGULATION_OF_INSULIN_SECRETION		44	0.28404737	1.1400257	0.2625571	1.0	1.0	2611	tags=30%, list=17%, signal=35%	
REACTOME_MITOTIC_SPINDLE_CHECKPOINT	REACTOME_MITOTIC_SPINDLE_CHECKPOINT		108	0.23237847	1.134866	0.22564103	1.0	1.0	5256	tags=44%, list=34%, signal=66%	
REACTOME_BBSOME_MEDIATED_CARGO_TARGETING_TO_CILIUM	REACTOME_BBSOME_MEDIATED_CARGO_TARGETING_TO_CILIUM		11	0.40699378	1.1344408	0.31263858	1.0	1.0	2845	tags=45%, list=18%, signal=56%	
REACTOME_IONOTROPIC_ACTIVITY_OF_KAINATE_RECEPTORS	REACTOME_IONOTROPIC_ACTIVITY_OF_KAINATE_RECEPTORS		8	0.45546028	1.1341326	0.30252102	1.0	1.0	4573	tags=63%, list=30%, signal=89%	
REACTOME_FORMATION_OF_TC_NER_PRE_INCISION_COMPLEX	REACTOME_FORMATION_OF_TC_NER_PRE_INCISION_COMPLEX		50	0.27577272	1.1332666	0.23002422	1.0	1.0	4711	tags=44%, list=31%, signal=63%	
REACTOME_APOPTOSIS_INDUCED_DNA_FRAGMENTATION	REACTOME_APOPTOSIS_INDUCED_DNA_FRAGMENTATION		12	0.40185094	1.1318477	0.28077754	1.0	1.0	4842	tags=58%, list=31%, signal=85%	
REACTOME_NONSENSE_MEDIATED_DECAY_NMD_INDEPENDENT_OF_THE_EXON_JUNCTION_COMPLEX_EJC	REACTOME_NONSENSE_MEDIATED_DECAY_NMD_INDEPENDENT_OF_THE_EXON_JUNCTION_COMPLEX_EJC		94	0.23630276	1.1314721	0.2	1.0	1.0	4950	tags=35%, list=32%, signal=51%	
REACTOME_M_PHASE	REACTOME_M_PHASE		373	0.1925648	1.128494	0.13220339	1.0	1.0	4701	tags=35%, list=30%, signal=49%	
REACTOME_APC_C_CDC20_MEDIATED_DEGRADATION_OF_CYCLIN_B	REACTOME_APC_C_CDC20_MEDIATED_DEGRADATION_OF_CYCLIN_B		25	0.3243995	1.1278291	0.2989011	1.0	1.0	3713	tags=32%, list=24%, signal=42%	
REACTOME_ACTIVATION_OF_BAD_AND_TRANSLOCATION_TO_MITOCHONDRIA	REACTOME_ACTIVATION_OF_BAD_AND_TRANSLOCATION_TO_MITOCHONDRIA		12	0.39851618	1.1261244	0.29605263	1.0	1.0	4766	tags=58%, list=31%, signal=84%	
REACTOME_ASSEMBLY_OF_THE_ORC_COMPLEX_AT_THE_ORIGIN_OF_REPLICATION	REACTOME_ASSEMBLY_OF_THE_ORC_COMPLEX_AT_THE_ORIGIN_OF_REPLICATION		9	0.42407963	1.1237016	0.29424307	1.0	1.0	4052	tags=67%, list=26%, signal=90%	
REACTOME_TRISTETRAPROLIN_TTP_ZFP36_BINDS_AND_DESTABILIZES_MRNA	REACTOME_TRISTETRAPROLIN_TTP_ZFP36_BINDS_AND_DESTABILIZES_MRNA		16	0.3658402	1.1208994	0.2829787	1.0	1.0	5352	tags=56%, list=35%, signal=86%	
REACTOME_AQUAPORIN_MEDIATED_TRANSPORT	REACTOME_AQUAPORIN_MEDIATED_TRANSPORT		26	0.31429	1.1206685	0.29306486	1.0	1.0	2264	tags=23%, list=15%, signal=27%	
BIOCARTA_HSWI_SNF_PATHWAY	BIOCARTA_HSWI_SNF_PATHWAY		11	0.40466338	1.1190654	0.30603448	1.0	1.0	5379	tags=55%, list=35%, signal=84%	
REACTOME_CHROMATIN_MODIFYING_ENZYMES	REACTOME_CHROMATIN_MODIFYING_ENZYMES		181	0.21297076	1.1151842	0.2021858	1.0	1.0	4360	tags=34%, list=28%, signal=46%	
REACTOME_NONSENSE_MEDIATED_DECAY_NMD	REACTOME_NONSENSE_MEDIATED_DECAY_NMD		113	0.22235997	1.114226	0.22139303	1.0	1.0	4999	tags=37%, list=32%, signal=55%	
REACTOME_THE_PHOTOTRANSDUCTION_CASCADE	REACTOME_THE_PHOTOTRANSDUCTION_CASCADE		16	0.35740048	1.1077571	0.31828442	1.0	1.0	3000	tags=44%, list=19%, signal=54%	
REACTOME_MRNA_CAPPING	REACTOME_MRNA_CAPPING		28	0.29871216	1.0966669	0.30201343	1.0	1.0	5092	tags=50%, list=33%, signal=75%	
BIOCARTA_PTC1_PATHWAY	BIOCARTA_PTC1_PATHWAY		10	0.40637943	1.0950494	0.36051503	1.0	1.0	4725	tags=60%, list=31%, signal=86%	
REACTOME_CALNEXIN_CALRETICULIN_CYCLE	REACTOME_CALNEXIN_CALRETICULIN_CYCLE		8	0.43642497	1.0862923	0.3534884	1.0	1.0	3824	tags=50%, list=25%, signal=66%	
REACTOME_RNA_POLYMERASE_III_TRANSCRIPTION_INITIATION_FROM_TYPE_3_PROMOTER	REACTOME_RNA_POLYMERASE_III_TRANSCRIPTION_INITIATION_FROM_TYPE_3_PROMOTER		26	0.30667564	1.0834341	0.34056398	1.0	1.0	3348	tags=35%, list=22%, signal=44%	
REACTOME_TRANSCRIPTION_COUPLED_NUCLEOTIDE_EXCISION_REPAIR_TC_NER	REACTOME_TRANSCRIPTION_COUPLED_NUCLEOTIDE_EXCISION_REPAIR_TC_NER		74	0.23536901	1.0795404	0.31989923	1.0	1.0	4711	tags=39%, list=31%, signal=56%	
REACTOME_FORMATION_OF_SENESCENCE_ASSOCIATED_HETEROCHROMATIN_FOCI_SAHF	REACTOME_FORMATION_OF_SENESCENCE_ASSOCIATED_HETEROCHROMATIN_FOCI_SAHF		15	0.35417795	1.0774184	0.35067874	1.0	1.0	3053	tags=33%, list=20%, signal=42%	
REACTOME_INHIBITION_OF_THE_PROTEOLYTIC_ACTIVITY_OF_APC_C_REQUIRED_FOR_THE_ONSET_OF_ANAPHASE_BY_MITOTIC_SPINDLE_CHECKPOINT_COMPONENTS	REACTOME_INHIBITION_OF_THE_PROTEOLYTIC_ACTIVITY_OF_APC_C_REQUIRED_FOR_THE_ONSET_OF_ANAPHASE_BY_MITOTIC_SPINDLE_CHECKPOINT_COMPONENTS		21	0.32435787	1.0753075	0.35031846	1.0	1.0	4373	tags=38%, list=28%, signal=53%	
REACTOME_DOWNREGULATION_OF_ERBB4_SIGNALING	REACTOME_DOWNREGULATION_OF_ERBB4_SIGNALING		9	0.40942574	1.0751423	0.35869566	1.0	1.0	4367	tags=56%, list=28%, signal=77%	
WP_MISMATCH_REPAIR	WP_MISMATCH_REPAIR		9	0.4202922	1.0739131	0.35462555	1.0	1.0	2693	tags=22%, list=17%, signal=27%	
REACTOME_DNA_REPAIR	REACTOME_DNA_REPAIR		305	0.1887619	1.0644679	0.2676923	1.0	1.0	4516	tags=32%, list=29%, signal=44%	
REACTOME_RNA_POLYMERASE_I_TRANSCRIPTION_TERMINATION	REACTOME_RNA_POLYMERASE_I_TRANSCRIPTION_TERMINATION		30	0.2861609	1.062402	0.33886257	1.0	1.0	1758	tags=27%, list=11%, signal=30%	
REACTOME_AMPLIFICATION_OF_SIGNAL_FROM_THE_KINETOCHORES	REACTOME_AMPLIFICATION_OF_SIGNAL_FROM_THE_KINETOCHORES		91	0.2216443	1.0561607	0.31980908	1.0	1.0	5256	tags=44%, list=34%, signal=66%	
REACTOME_GAP_FILLING_DNA_REPAIR_SYNTHESIS_AND_LIGATION_IN_GG_NER	REACTOME_GAP_FILLING_DNA_REPAIR_SYNTHESIS_AND_LIGATION_IN_GG_NER		23	0.30587706	1.051829	0.37188208	1.0	1.0	4417	tags=39%, list=29%, signal=55%	
REACTOME_REGULATION_OF_APC_C_ACTIVATORS_BETWEEN_G1_S_AND_EARLY_ANAPHASE	REACTOME_REGULATION_OF_APC_C_ACTIVATORS_BETWEEN_G1_S_AND_EARLY_ANAPHASE		35	0.27190223	1.0477554	0.35730338	1.0	1.0	4540	tags=34%, list=29%, signal=48%	
REACTOME_MITOPHAGY	REACTOME_MITOPHAGY		38	0.27269697	1.0472405	0.38809523	1.0	1.0	4445	tags=47%, list=29%, signal=66%	
REACTOME_REGULATION_OF_PTEN_LOCALIZATION	REACTOME_REGULATION_OF_PTEN_LOCALIZATION		10	0.3944813	1.0470139	0.37831858	1.0	1.0	4074	tags=50%, list=26%, signal=68%	
REACTOME_ENOS_ACTIVATION	REACTOME_ENOS_ACTIVATION		9	0.41415247	1.0461894	0.39864865	1.0	1.0	3854	tags=44%, list=25%, signal=59%	
REACTOME_PHOSPHORYLATION_OF_THE_APC_C	REACTOME_PHOSPHORYLATION_OF_THE_APC_C		20	0.30927664	1.030954	0.4192771	1.0	1.0	4373	tags=35%, list=28%, signal=49%	
REACTOME_ESTROGEN_STIMULATED_SIGNALING_THROUGH_PRKCZ	REACTOME_ESTROGEN_STIMULATED_SIGNALING_THROUGH_PRKCZ		5	0.46964335	1.0299194	0.42608696	1.0	1.0	977	tags=20%, list=6%, signal=21%	
REACTOME_NUCLEOTIDE_EXCISION_REPAIR	REACTOME_NUCLEOTIDE_EXCISION_REPAIR		106	0.21267913	1.029647	0.38875306	1.0	1.0	4417	tags=35%, list=29%, signal=49%	
REACTOME_TETRAHYDROBIOPTERIN_BH4_SYNTHESIS_RECYCLING_SALVAGE_AND_REGULATION	REACTOME_TETRAHYDROBIOPTERIN_BH4_SYNTHESIS_RECYCLING_SALVAGE_AND_REGULATION		10	0.38232398	1.0239677	0.4201313	1.0	1.0	3854	tags=50%, list=25%, signal=67%	
REACTOME_BUTYRATE_RESPONSE_FACTOR_1_BRF1_BINDS_AND_DESTABILIZES_MRNA	REACTOME_BUTYRATE_RESPONSE_FACTOR_1_BRF1_BINDS_AND_DESTABILIZES_MRNA		16	0.3282363	1.0235378	0.40987125	1.0	1.0	5352	tags=56%, list=35%, signal=86%	
REACTOME_ACTIVATION_OF_ATR_IN_RESPONSE_TO_REPLICATION_STRESS	REACTOME_ACTIVATION_OF_ATR_IN_RESPONSE_TO_REPLICATION_STRESS		36	0.26509243	1.0201657	0.42206234	1.0	1.0	4052	tags=33%, list=26%, signal=45%	
REACTOME_NITRIC_OXIDE_STIMULATES_GUANYLATE_CYCLASE	REACTOME_NITRIC_OXIDE_STIMULATES_GUANYLATE_CYCLASE		6	0.44403905	1.0133191	0.43073592	1.0	1.0	167	tags=17%, list=1%, signal=17%	
REACTOME_ORGANELLE_BIOGENESIS_AND_MAINTENANCE	REACTOME_ORGANELLE_BIOGENESIS_AND_MAINTENANCE		200	0.1886449	1.013229	0.43490306	1.0	1.0	4122	tags=31%, list=27%, signal=42%	
REACTOME_PROCESSING_OF_CAPPED_INTRONLESS_PRE_MRNA	REACTOME_PROCESSING_OF_CAPPED_INTRONLESS_PRE_MRNA		29	0.27719355	1.0128024	0.43847874	1.0	1.0	5426	tags=55%, list=35%, signal=85%	
REACTOME_SYNTHESIS_SECRETION_AND_DEACYLATION_OF_GHRELIN	REACTOME_SYNTHESIS_SECRETION_AND_DEACYLATION_OF_GHRELIN		8	0.3998512	1.0126286	0.44074845	1.0	1.0	3225	tags=50%, list=21%, signal=63%	
REACTOME_REGULATION_OF_BACH1_ACTIVITY	REACTOME_REGULATION_OF_BACH1_ACTIVITY		12	0.35837469	1.0121075	0.4125874	1.0	1.0	4254	tags=42%, list=28%, signal=57%	
BIOCARTA_WNT_PATHWAY	BIOCARTA_WNT_PATHWAY		20	0.31567344	1.0094051	0.46313363	1.0	1.0	3687	tags=45%, list=24%, signal=59%	
REACTOME_IRAK1_RECRUITS_IKK_COMPLEX	REACTOME_IRAK1_RECRUITS_IKK_COMPLEX		15	0.32984743	1.0090353	0.4334086	1.0	1.0	3783	tags=40%, list=25%, signal=53%	
REACTOME_CLASS_B_2_SECRETIN_FAMILY_RECEPTORS	REACTOME_CLASS_B_2_SECRETIN_FAMILY_RECEPTORS		22	0.29814416	1.0051302	0.44626167	1.0	1.0	2344	tags=27%, list=15%, signal=32%	
REACTOME_REGULATION_OF_TP53_DEGRADATION	REACTOME_REGULATION_OF_TP53_DEGRADATION		35	0.25989377	1.0023707	0.46853146	1.0	1.0	3374	tags=29%, list=22%, signal=36%	
REACTOME_EXTRA_NUCLEAR_ESTROGEN_SIGNALING	REACTOME_EXTRA_NUCLEAR_ESTROGEN_SIGNALING		53	0.23722823	0.99547666	0.45707658	1.0	1.0	3054	tags=25%, list=20%, signal=30%	
REACTOME_MRNA_SPLICING_MINOR_PATHWAY	REACTOME_MRNA_SPLICING_MINOR_PATHWAY		47	0.23925774	0.99263316	0.46300715	1.0	1.0	5606	tags=45%, list=36%, signal=70%	
REACTOME_INTEGRATION_OF_ENERGY_METABOLISM	REACTOME_INTEGRATION_OF_ENERGY_METABOLISM		52	0.23557958	0.9912849	0.47494033	1.0	1.0	2611	tags=25%, list=17%, signal=30%	
REACTOME_TRYPTOPHAN_CATABOLISM	REACTOME_TRYPTOPHAN_CATABOLISM		9	0.37862504	0.98979557	0.45603272	1.0	1.0	39	tags=11%, list=0%, signal=11%	
REACTOME_GLOBAL_GENOME_NUCLEOTIDE_EXCISION_REPAIR_GG_NER	REACTOME_GLOBAL_GENOME_NUCLEOTIDE_EXCISION_REPAIR_GG_NER		82	0.2137802	0.987705	0.49868074	1.0	1.0	4417	tags=37%, list=29%, signal=51%	
WP_EUKARYOTIC_TRANSCRIPTION_INITIATION	WP_EUKARYOTIC_TRANSCRIPTION_INITIATION		39	0.2484072	0.9830976	0.47956988	1.0	1.0	2525	tags=28%, list=16%, signal=34%	
REACTOME_RECOGNITION_OF_DNA_DAMAGE_BY_PCNA_CONTAINING_REPLICATION_COMPLEX	REACTOME_RECOGNITION_OF_DNA_DAMAGE_BY_PCNA_CONTAINING_REPLICATION_COMPLEX		31	0.26375207	0.982904	0.48941177	1.0	1.0	4905	tags=48%, list=32%, signal=71%	
REACTOME_G_PROTEIN_ACTIVATION	REACTOME_G_PROTEIN_ACTIVATION		18	0.3071429	0.9825655	0.47716895	1.0	1.0	2264	tags=28%, list=15%, signal=33%	
REACTOME_CHAPERONIN_MEDIATED_PROTEIN_FOLDING	REACTOME_CHAPERONIN_MEDIATED_PROTEIN_FOLDING		33	0.25347444	0.98005074	0.4774775	1.0	1.0	3011	tags=27%, list=20%, signal=34%	
REACTOME_INTRINSIC_PATHWAY_OF_FIBRIN_CLOT_FORMATION	REACTOME_INTRINSIC_PATHWAY_OF_FIBRIN_CLOT_FORMATION		12	0.34243286	0.9799974	0.4568182	1.0	1.0	357	tags=17%, list=2%, signal=17%	
REACTOME_SLBP_DEPENDENT_PROCESSING_OF_REPLICATION_DEPENDENT_HISTONE_PRE_MRNAS	REACTOME_SLBP_DEPENDENT_PROCESSING_OF_REPLICATION_DEPENDENT_HISTONE_PRE_MRNAS		11	0.3515514	0.9770786	0.46854663	1.0	1.0	5426	tags=64%, list=35%, signal=98%	
BIOCARTA_PITX2_PATHWAY	BIOCARTA_PITX2_PATHWAY		13	0.3354222	0.97524834	0.5	1.0	1.0	3687	tags=38%, list=24%, signal=51%	
REACTOME_SUMO_IS_PROTEOLYTICALLY_PROCESSED	REACTOME_SUMO_IS_PROTEOLYTICALLY_PROCESSED		6	0.4248381	0.97395366	0.46707818	1.0	1.0	2436	tags=33%, list=16%, signal=40%	
REACTOME_S_PHASE	REACTOME_S_PHASE		145	0.18979248	0.9726349	0.51960784	1.0	1.0	4107	tags=29%, list=27%, signal=39%	
REACTOME_INHIBITION_OF_REPLICATION_INITIATION_OF_DAMAGED_DNA_BY_RB1_E2F1	REACTOME_INHIBITION_OF_REPLICATION_INITIATION_OF_DAMAGED_DNA_BY_RB1_E2F1		10	0.36376765	0.9720682	0.5022523	1.0	1.0	3798	tags=40%, list=25%, signal=53%	
REACTOME_PROCESSIVE_SYNTHESIS_ON_THE_C_STRAND_OF_THE_TELOMERE	REACTOME_PROCESSIVE_SYNTHESIS_ON_THE_C_STRAND_OF_THE_TELOMERE		18	0.3019139	0.9713636	0.5041322	1.0	1.0	2331	tags=22%, list=15%, signal=26%	
WP_NODLIKE_RECEPTOR_NLR_SIGNALING_PATHWAY	WP_NODLIKE_RECEPTOR_NLR_SIGNALING_PATHWAY		8	0.38983795	0.9619502	0.50427353	1.0	1.0	1847	tags=25%, list=12%, signal=28%	
REACTOME_AKT_PHOSPHORYLATES_TARGETS_IN_THE_NUCLEUS	REACTOME_AKT_PHOSPHORYLATES_TARGETS_IN_THE_NUCLEUS		9	0.37078857	0.9607454	0.49134198	1.0	1.0	85	tags=11%, list=1%, signal=11%	
REACTOME_PROSTACYCLIN_SIGNALLING_THROUGH_PROSTACYCLIN_RECEPTOR	REACTOME_PROSTACYCLIN_SIGNALLING_THROUGH_PROSTACYCLIN_RECEPTOR		15	0.3117277	0.9599874	0.5142276	1.0	1.0	2264	tags=27%, list=15%, signal=31%	
REACTOME_DNA_DOUBLE_STRAND_BREAK_REPAIR	REACTOME_DNA_DOUBLE_STRAND_BREAK_REPAIR		152	0.184797	0.9531803	0.59791124	1.0	1.0	5507	tags=41%, list=36%, signal=64%	
BIOCARTA_D4GDI_PATHWAY	BIOCARTA_D4GDI_PATHWAY		12	0.33486316	0.95284027	0.50663716	1.0	1.0	841	tags=17%, list=5%, signal=18%	
WP_CYTOPLASMIC_RIBOSOMAL_PROTEINS	WP_CYTOPLASMIC_RIBOSOMAL_PROTEINS		80	0.20597069	0.951842	0.56435645	1.0	1.0	4950	tags=33%, list=32%, signal=48%	
BIOCARTA_GCR_PATHWAY	BIOCARTA_GCR_PATHWAY		15	0.31029597	0.94759196	0.49892008	1.0	1.0	3000	tags=33%, list=19%, signal=41%	
REACTOME_ACTIVATION_OF_THE_MRNA_UPON_BINDING_OF_THE_CAP_BINDING_COMPLEX_AND_EIFS_AND_SUBSEQUENT_BINDING_TO_43S	REACTOME_ACTIVATION_OF_THE_MRNA_UPON_BINDING_OF_THE_CAP_BINDING_COMPLEX_AND_EIFS_AND_SUBSEQUENT_BINDING_TO_43S		60	0.22169207	0.94579864	0.59653467	1.0	1.0	4820	tags=40%, list=31%, signal=58%	
REACTOME_GLUCAGON_TYPE_LIGAND_RECEPTORS	REACTOME_GLUCAGON_TYPE_LIGAND_RECEPTORS		15	0.31020662	0.9430489	0.5262009	1.0	1.0	2264	tags=27%, list=15%, signal=31%	
REACTOME_RNA_POLYMERASE_III_TRANSCRIPTION	REACTOME_RNA_POLYMERASE_III_TRANSCRIPTION		34	0.24387081	0.9426186	0.55903614	1.0	1.0	1560	tags=21%, list=10%, signal=23%	
REACTOME_ACTIVATION_OF_THE_PRE_REPLICATIVE_COMPLEX	REACTOME_ACTIVATION_OF_THE_PRE_REPLICATIVE_COMPLEX		32	0.24871902	0.94210494	0.54966885	1.0	1.0	5669	tags=44%, list=37%, signal=69%	
REACTOME_ER_QUALITY_CONTROL_COMPARTMENT_ERQC	REACTOME_ER_QUALITY_CONTROL_COMPARTMENT_ERQC		5	0.44938302	0.94117236	0.5329087	1.0	1.0	3210	tags=40%, list=21%, signal=51%	
WP_HYPERTROPHY_MODEL	WP_HYPERTROPHY_MODEL		15	0.31415662	0.94012827	0.50955415	1.0	1.0	2076	tags=27%, list=13%, signal=31%	
REACTOME_PINK1_PRKN_MEDIATED_MITOPHAGY	REACTOME_PINK1_PRKN_MEDIATED_MITOPHAGY		31	0.2489286	0.9392332	0.5790646	1.0	1.0	4030	tags=42%, list=26%, signal=57%	
REACTOME_TP53_REGULATES_METABOLIC_GENES	REACTOME_TP53_REGULATES_METABOLIC_GENES		65	0.2092083	0.9373599	0.60045147	1.0	1.0	601	tags=11%, list=4%, signal=11%	
REACTOME_PLASMA_LIPOPROTEIN_ASSEMBLY	REACTOME_PLASMA_LIPOPROTEIN_ASSEMBLY		9	0.35625997	0.93172044	0.5513627	1.0	1.0	668	tags=22%, list=4%, signal=23%	
REACTOME_FORMATION_OF_INCISION_COMPLEX_IN_GG_NER	REACTOME_FORMATION_OF_INCISION_COMPLEX_IN_GG_NER		44	0.23258199	0.93145186	0.55829597	1.0	1.0	4232	tags=39%, list=27%, signal=53%	
REACTOME_ANCHORING_OF_THE_BASAL_BODY_TO_THE_PLASMA_MEMBRANE	REACTOME_ANCHORING_OF_THE_BASAL_BODY_TO_THE_PLASMA_MEMBRANE		93	0.19659652	0.93004584	0.61083746	1.0	1.0	4276	tags=31%, list=28%, signal=43%	
REACTOME_PYROPTOSIS	REACTOME_PYROPTOSIS		21	0.27706265	0.9294465	0.5638051	1.0	1.0	1672	tags=19%, list=11%, signal=21%	
REACTOME_CASPASE_MEDIATED_CLEAVAGE_OF_CYTOSKELETAL_PROTEINS	REACTOME_CASPASE_MEDIATED_CLEAVAGE_OF_CYTOSKELETAL_PROTEINS		11	0.34075657	0.92893803	0.54545456	1.0	1.0	4484	tags=36%, list=29%, signal=51%	
REACTOME_TRANSLESION_SYNTHESIS_BY_Y_FAMILY_DNA_POLYMERASES_BYPASSES_LESIONS_ON_DNA_TEMPLATE	REACTOME_TRANSLESION_SYNTHESIS_BY_Y_FAMILY_DNA_POLYMERASES_BYPASSES_LESIONS_ON_DNA_TEMPLATE		39	0.23331814	0.9283534	0.5682927	1.0	1.0	3440	tags=31%, list=22%, signal=40%	
BIOCARTA_TERT_PATHWAY	BIOCARTA_TERT_PATHWAY		6	0.42014164	0.92749125	0.536	1.0	1.0	2135	tags=33%, list=14%, signal=39%	
REACTOME_FGFR2_ALTERNATIVE_SPLICING	REACTOME_FGFR2_ALTERNATIVE_SPLICING		17	0.29862097	0.92699957	0.5983087	1.0	1.0	5092	tags=47%, list=33%, signal=70%	
REACTOME_P130CAS_LINKAGE_TO_MAPK_SIGNALING_FOR_INTEGRINS	REACTOME_P130CAS_LINKAGE_TO_MAPK_SIGNALING_FOR_INTEGRINS		12	0.32209006	0.92324775	0.5943601	1.0	1.0	2233	tags=33%, list=14%, signal=39%	
REACTOME_GLYCOGEN_SYNTHESIS	REACTOME_GLYCOGEN_SYNTHESIS		5	0.42601198	0.9229656	0.51724136	1.0	1.0	2265	tags=40%, list=15%, signal=47%	
REACTOME_MATURATION_OF_TCA_ENZYMES_AND_REGULATION_OF_TCA_CYCLE	REACTOME_MATURATION_OF_TCA_ENZYMES_AND_REGULATION_OF_TCA_CYCLE		18	0.28888908	0.9214913	0.552809	1.0	1.0	600	tags=17%, list=4%, signal=17%	
REACTOME_IKK_COMPLEX_RECRUITMENT_MEDIATED_BY_RIP1	REACTOME_IKK_COMPLEX_RECRUITMENT_MEDIATED_BY_RIP1		24	0.26559636	0.918941	0.5887446	1.0	1.0	3783	tags=38%, list=25%, signal=50%	
BIOCARTA_SUMO_PATHWAY	BIOCARTA_SUMO_PATHWAY		6	0.40302825	0.917868	0.56953645	1.0	1.0	2436	tags=33%, list=16%, signal=40%	
BIOCARTA_AKT_PATHWAY	BIOCARTA_AKT_PATHWAY		20	0.27646825	0.9176342	0.5590717	1.0	1.0	3854	tags=30%, list=25%, signal=40%	
REACTOME_TRANSCRIPTIONAL_REGULATION_BY_TP53	REACTOME_TRANSCRIPTIONAL_REGULATION_BY_TP53		281	0.16455649	0.91576767	0.7062315	1.0	1.0	3523	tags=25%, list=23%, signal=31%	
REACTOME_SUMOYLATION_OF_TRANSCRIPTION_FACTORS	REACTOME_SUMOYLATION_OF_TRANSCRIPTION_FACTORS		13	0.31135964	0.9136441	0.5497835	1.0	1.0	2436	tags=31%, list=16%, signal=37%	
REACTOME_IRAK2_MEDIATED_ACTIVATION_OF_TAK1_COMPLEX	REACTOME_IRAK2_MEDIATED_ACTIVATION_OF_TAK1_COMPLEX		11	0.32330465	0.90347254	0.5735294	1.0	1.0	3210	tags=36%, list=21%, signal=46%	
BIOCARTA_TH1TH2_PATHWAY	BIOCARTA_TH1TH2_PATHWAY		17	0.28193802	0.90237445	0.58064514	1.0	1.0	1159	tags=18%, list=8%, signal=19%	
BIOCARTA_HCMV_PATHWAY	BIOCARTA_HCMV_PATHWAY		17	0.28847328	0.90234745	0.5829493	1.0	1.0	1451	tags=24%, list=9%, signal=26%	
REACTOME_DNA_DAMAGE_BYPASS	REACTOME_DNA_DAMAGE_BYPASS		48	0.21625559	0.901035	0.60189575	1.0	1.0	4905	tags=46%, list=32%, signal=67%	
REACTOME_TRANSCRIPTIONAL_ACTIVITY_OF_SMAD2_SMAD3_SMAD4_HETEROTRIMER	REACTOME_TRANSCRIPTIONAL_ACTIVITY_OF_SMAD2_SMAD3_SMAD4_HETEROTRIMER		38	0.22742917	0.8997189	0.61220044	1.0	1.0	3975	tags=34%, list=26%, signal=46%	
BIOCARTA_ASBCELL_PATHWAY	BIOCARTA_ASBCELL_PATHWAY		9	0.33552098	0.89948237	0.5772727	1.0	1.0	1159	tags=22%, list=8%, signal=24%	
REACTOME_ALPHA_PROTEIN_KINASE_1_SIGNALING_PATHWAY	REACTOME_ALPHA_PROTEIN_KINASE_1_SIGNALING_PATHWAY		12	0.31811562	0.8982329	0.59002167	1.0	1.0	3210	tags=33%, list=21%, signal=42%	
REACTOME_REGULATION_OF_FZD_BY_UBIQUITINATION	REACTOME_REGULATION_OF_FZD_BY_UBIQUITINATION		13	0.30550146	0.89729625	0.6160714	1.0	1.0	3210	tags=31%, list=21%, signal=39%	
REACTOME_VEGFR2_MEDIATED_VASCULAR_PERMEABILITY	REACTOME_VEGFR2_MEDIATED_VASCULAR_PERMEABILITY		27	0.25014332	0.8960239	0.61538464	1.0	1.0	2169	tags=22%, list=14%, signal=26%	
REACTOME_MRNA_DECAY_BY_5_TO_3_EXORIBONUCLEASE	REACTOME_MRNA_DECAY_BY_5_TO_3_EXORIBONUCLEASE		14	0.30004746	0.8950902	0.61383927	1.0	1.0	596	tags=14%, list=4%, signal=15%	
REACTOME_TP53_REGULATES_TRANSCRIPTION_OF_DNA_REPAIR_GENES	REACTOME_TP53_REGULATES_TRANSCRIPTION_OF_DNA_REPAIR_GENES		43	0.21629407	0.8942805	0.64425164	1.0	1.0	5092	tags=44%, list=33%, signal=66%	
REACTOME_PROTEIN_LIPOYLATION	REACTOME_PROTEIN_LIPOYLATION		10	0.33909068	0.8939924	0.6039823	1.0	1.0	3970	tags=40%, list=26%, signal=54%	
REACTOME_SNRNP_ASSEMBLY	REACTOME_SNRNP_ASSEMBLY		49	0.21804932	0.89175034	0.6682135	1.0	1.0	4508	tags=43%, list=29%, signal=60%	
REACTOME_RESOLUTION_OF_SISTER_CHROMATID_COHESION	REACTOME_RESOLUTION_OF_SISTER_CHROMATID_COHESION		117	0.18149187	0.8846915	0.73955774	1.0	1.0	5423	tags=44%, list=35%, signal=67%	
REACTOME_CITRIC_ACID_CYCLE_TCA_CYCLE	REACTOME_CITRIC_ACID_CYCLE_TCA_CYCLE		33	0.23767807	0.8844451	0.62142855	1.0	1.0	1090	tags=15%, list=7%, signal=16%	
REACTOME_DISASSEMBLY_OF_THE_DESTRUCTION_COMPLEX_AND_RECRUITMENT_OF_AXIN_TO_THE_MEMBRANE	REACTOME_DISASSEMBLY_OF_THE_DESTRUCTION_COMPLEX_AND_RECRUITMENT_OF_AXIN_TO_THE_MEMBRANE		23	0.25520316	0.8823691	0.6511628	1.0	1.0	3687	tags=39%, list=24%, signal=51%	
REACTOME_MISMATCH_REPAIR	REACTOME_MISMATCH_REPAIR		15	0.29279292	0.8812763	0.61864406	1.0	1.0	2331	tags=20%, list=15%, signal=24%	
REACTOME_DEADENYLATION_DEPENDENT_MRNA_DECAY	REACTOME_DEADENYLATION_DEPENDENT_MRNA_DECAY		52	0.21056916	0.8767355	0.67963386	1.0	1.0	4236	tags=33%, list=27%, signal=45%	
REACTOME_G0_AND_EARLY_G1	REACTOME_G0_AND_EARLY_G1		16	0.28562927	0.87588793	0.6168421	1.0	1.0	1214	tags=13%, list=8%, signal=14%	
REACTOME_FLT3_SIGNALING	REACTOME_FLT3_SIGNALING		30	0.239019	0.8690275	0.66139954	1.0	1.0	2059	tags=20%, list=13%, signal=23%	
REACTOME_GABA_SYNTHESIS_RELEASE_REUPTAKE_AND_DEGRADATION	REACTOME_GABA_SYNTHESIS_RELEASE_REUPTAKE_AND_DEGRADATION		11	0.31255144	0.8674405	0.64208245	1.0	1.0	1883	tags=27%, list=12%, signal=31%	
REACTOME_ACTIVATION_OF_NIMA_KINASES_NEK9_NEK6_NEK7	REACTOME_ACTIVATION_OF_NIMA_KINASES_NEK9_NEK6_NEK7		5	0.41640174	0.8648281	0.614	1.0	1.0	8999	tags=100%, list=58%, signal=240%	
REACTOME_SENSING_OF_DNA_DOUBLE_STRAND_BREAKS	REACTOME_SENSING_OF_DNA_DOUBLE_STRAND_BREAKS		7	0.3596133	0.8643325	0.6528736	1.0	1.0	9875	tags=100%, list=64%, signal=278%	
WP_FATTY_ACID_OXIDATION	WP_FATTY_ACID_OXIDATION		10	0.3334771	0.8639422	0.62857145	1.0	1.0	1885	tags=20%, list=12%, signal=23%	
REACTOME_REGULATION_OF_FOXO_TRANSCRIPTIONAL_ACTIVITY_BY_ACETYLATION	REACTOME_REGULATION_OF_FOXO_TRANSCRIPTIONAL_ACTIVITY_BY_ACETYLATION		6	0.38705593	0.85786784	0.64314514	1.0	1.0	3303	tags=33%, list=21%, signal=42%	
REACTOME_APOPTOTIC_EXECUTION_PHASE	REACTOME_APOPTOTIC_EXECUTION_PHASE		42	0.2187806	0.8573231	0.7011236	1.0	1.0	4895	tags=45%, list=32%, signal=66%	
REACTOME_RECEPTOR_MEDIATED_MITOPHAGY	REACTOME_RECEPTOR_MEDIATED_MITOPHAGY		11	0.31390774	0.8571468	0.64946234	1.0	1.0	4850	tags=55%, list=31%, signal=80%	
REACTOME_FREE_FATTY_ACIDS_REGULATE_INSULIN_SECRETION	REACTOME_FREE_FATTY_ACIDS_REGULATE_INSULIN_SECRETION		10	0.31670988	0.85666573	0.6268657	1.0	1.0	2611	tags=40%, list=17%, signal=48%	
REACTOME_SYNTHESIS_OF_DIPHTHAMIDE_EEF2	REACTOME_SYNTHESIS_OF_DIPHTHAMIDE_EEF2		7	0.3509009	0.85441726	0.6038544	1.0	1.0	2608	tags=43%, list=17%, signal=52%	
REACTOME_REGULATION_OF_LOCALIZATION_OF_FOXO_TRANSCRIPTION_FACTORS	REACTOME_REGULATION_OF_LOCALIZATION_OF_FOXO_TRANSCRIPTION_FACTORS		11	0.30926463	0.8537719	0.64208245	1.0	1.0	1497	tags=18%, list=10%, signal=20%	
REACTOME_REGULATION_OF_PYRUVATE_METABOLISM	REACTOME_REGULATION_OF_PYRUVATE_METABOLISM		31	0.23270558	0.8523722	0.7099057	1.0	1.0	4850	tags=45%, list=31%, signal=66%	
BIOCARTA_GABA_PATHWAY	BIOCARTA_GABA_PATHWAY		6	0.37886068	0.85115755	0.6636971	1.0	1.0	9578	tags=100%, list=62%, signal=264%	
REACTOME_MITOTIC_PROMETAPHASE	REACTOME_MITOTIC_PROMETAPHASE		187	0.15806529	0.84826696	0.8740741	1.0	1.0	5256	tags=39%, list=34%, signal=58%	
BIOCARTA_PLATELETAPP_PATHWAY	BIOCARTA_PLATELETAPP_PATHWAY		5	0.39797574	0.8417534	0.64551425	1.0	1.0	9283	tags=100%, list=60%, signal=251%	
REACTOME_CYCLIN_D_ASSOCIATED_EVENTS_IN_G1	REACTOME_CYCLIN_D_ASSOCIATED_EVENTS_IN_G1		43	0.2106495	0.8413806	0.7139423	1.0	1.0	3210	tags=26%, list=21%, signal=32%	
REACTOME_G_BETA_GAMMA_SIGNALLING_THROUGH_PI3KGAMMA	REACTOME_G_BETA_GAMMA_SIGNALLING_THROUGH_PI3KGAMMA		21	0.24881464	0.8399647	0.6997691	1.0	1.0	2264	tags=19%, list=15%, signal=22%	
REACTOME_TRANSPORT_OF_MATURE_TRANSCRIPT_TO_CYTOPLASM	REACTOME_TRANSPORT_OF_MATURE_TRANSCRIPT_TO_CYTOPLASM		76	0.18313877	0.83984697	0.79197997	1.0	1.0	5026	tags=42%, list=33%, signal=62%	
REACTOME_SEPARATION_OF_SISTER_CHROMATIDS	REACTOME_SEPARATION_OF_SISTER_CHROMATIDS		180	0.15773427	0.83883876	0.875	1.0	1.0	5256	tags=38%, list=34%, signal=57%	
REACTOME_UCH_PROTEINASES	REACTOME_UCH_PROTEINASES		92	0.17741807	0.8383223	0.8255528	1.0	1.0	4339	tags=28%, list=28%, signal=39%	
REACTOME_INTRAFLAGELLAR_TRANSPORT	REACTOME_INTRAFLAGELLAR_TRANSPORT		49	0.20418799	0.8380923	0.76651984	1.0	1.0	3951	tags=33%, list=26%, signal=44%	
REACTOME_REGULATION_OF_GENE_EXPRESSION_BY_HYPOXIA_INDUCIBLE_FACTOR	REACTOME_REGULATION_OF_GENE_EXPRESSION_BY_HYPOXIA_INDUCIBLE_FACTOR		5	0.39940313	0.83791614	0.68161434	1.0	1.0	9261	tags=100%, list=60%, signal=250%	
REACTOME_RNA_POLYMERASE_I_TRANSCRIPTION	REACTOME_RNA_POLYMERASE_I_TRANSCRIPTION		45	0.20574968	0.83649915	0.74401915	1.0	1.0	1758	tags=20%, list=11%, signal=23%	
REACTOME_MITOTIC_METAPHASE_AND_ANAPHASE	REACTOME_MITOTIC_METAPHASE_AND_ANAPHASE		218	0.15373932	0.8348151	0.9104478	1.0	1.0	5423	tags=40%, list=35%, signal=61%	
REACTOME_CALCINEURIN_ACTIVATES_NFAT	REACTOME_CALCINEURIN_ACTIVATES_NFAT		10	0.315968	0.8340835	0.64091855	1.0	1.0	4058	tags=50%, list=26%, signal=68%	
REACTOME_G_BETA_GAMMA_SIGNALLING_THROUGH_CDC42	REACTOME_G_BETA_GAMMA_SIGNALLING_THROUGH_CDC42		16	0.27214915	0.83293027	0.67102396	1.0	1.0	3395	tags=31%, list=22%, signal=40%	
REACTOME_DOWNSTREAM_SIGNALING_EVENTS_OF_B_CELL_RECEPTOR_BCR	REACTOME_DOWNSTREAM_SIGNALING_EVENTS_OF_B_CELL_RECEPTOR_BCR		77	0.18246476	0.8320746	0.80904526	1.0	1.0	3210	tags=23%, list=21%, signal=29%	
REACTOME_INTERLEUKIN_7_SIGNALING	REACTOME_INTERLEUKIN_7_SIGNALING		19	0.26391596	0.83136964	0.6827133	1.0	1.0	1681	tags=21%, list=11%, signal=24%	
REACTOME_SHC1_EVENTS_IN_EGFR_SIGNALING	REACTOME_SHC1_EVENTS_IN_EGFR_SIGNALING		8	0.3343969	0.8306866	0.65767634	1.0	1.0	3386	tags=50%, list=22%, signal=64%	
REACTOME_DNA_REPLICATION	REACTOME_DNA_REPLICATION		125	0.16629738	0.8299341	0.87862796	1.0	1.0	4417	tags=29%, list=29%, signal=40%	
REACTOME_PTEN_REGULATION	REACTOME_PTEN_REGULATION		93	0.17571102	0.8283304	0.8459716	1.0	1.0	2925	tags=20%, list=19%, signal=25%	
REACTOME_UNBLOCKING_OF_NMDA_RECEPTORS_GLUTAMATE_BINDING_AND_ACTIVATION	REACTOME_UNBLOCKING_OF_NMDA_RECEPTORS_GLUTAMATE_BINDING_AND_ACTIVATION		12	0.293804	0.82807434	0.6746725	1.0	1.0	3026	tags=33%, list=20%, signal=41%	
BIOCARTA_MAL_PATHWAY	BIOCARTA_MAL_PATHWAY		15	0.27953386	0.82552534	0.6873614	1.0	1.0	2970	tags=33%, list=19%, signal=41%	
REACTOME_FOXO_MEDIATED_TRANSCRIPTION	REACTOME_FOXO_MEDIATED_TRANSCRIPTION		19	0.26204583	0.8234638	0.6991342	1.0	1.0	1952	tags=21%, list=13%, signal=24%	
REACTOME_REGULATION_OF_PLK1_ACTIVITY_AT_G2_M_TRANSITION	REACTOME_REGULATION_OF_PLK1_ACTIVITY_AT_G2_M_TRANSITION		83	0.1791011	0.8228938	0.83253586	1.0	1.0	4284	tags=30%, list=28%, signal=41%	
BIOCARTA_EIF2_PATHWAY	BIOCARTA_EIF2_PATHWAY		9	0.31816423	0.81994903	0.68546635	1.0	1.0	5331	tags=56%, list=35%, signal=85%	
REACTOME_CLASS_I_PEROXISOMAL_MEMBRANE_PROTEIN_IMPORT	REACTOME_CLASS_I_PEROXISOMAL_MEMBRANE_PROTEIN_IMPORT		19	0.25514254	0.8192418	0.6955603	1.0	1.0	3031	tags=37%, list=20%, signal=46%	
BIOCARTA_FBW7_PATHWAY	BIOCARTA_FBW7_PATHWAY		8	0.3352803	0.8164166	0.7008734	1.0	1.0	1451	tags=25%, list=9%, signal=28%	
REACTOME_INITIATION_OF_NUCLEAR_ENVELOPE_NE_REFORMATION	REACTOME_INITIATION_OF_NUCLEAR_ENVELOPE_NE_REFORMATION		17	0.26305902	0.8146176	0.7152318	1.0	1.0	4995	tags=47%, list=32%, signal=70%	
BIOCARTA_PML_PATHWAY	BIOCARTA_PML_PATHWAY		17	0.2589705	0.8126877	0.75336325	1.0	1.0	1972	tags=29%, list=13%, signal=34%	
REACTOME_SWITCHING_OF_ORIGINS_TO_A_POST_REPLICATIVE_STATE	REACTOME_SWITCHING_OF_ORIGINS_TO_A_POST_REPLICATIVE_STATE		90	0.17244744	0.8072615	0.8697789	1.0	1.0	4373	tags=29%, list=28%, signal=40%	
REACTOME_SERINE_BIOSYNTHESIS	REACTOME_SERINE_BIOSYNTHESIS		7	0.3370806	0.8054448	0.69166666	1.0	1.0	5178	tags=57%, list=34%, signal=86%	
REACTOME_PDH_COMPLEX_SYNTHESIZES_ACETYL_COA_FROM_PYR	REACTOME_PDH_COMPLEX_SYNTHESIZES_ACETYL_COA_FROM_PYR		5	0.372599	0.80459356	0.7086093	1.0	1.0	4194	tags=40%, list=27%, signal=55%	
REACTOME_PROTEIN_METHYLATION	REACTOME_PROTEIN_METHYLATION		19	0.24437313	0.80418885	0.74572647	1.0	1.0	3869	tags=42%, list=25%, signal=56%	
REACTOME_SMAD2_SMAD3_SMAD4_HETEROTRIMER_REGULATES_TRANSCRIPTION	REACTOME_SMAD2_SMAD3_SMAD4_HETEROTRIMER_REGULATES_TRANSCRIPTION		25	0.22996354	0.8035362	0.76339287	1.0	1.0	3727	tags=32%, list=24%, signal=42%	
REACTOME_SMOOTH_MUSCLE_CONTRACTION	REACTOME_SMOOTH_MUSCLE_CONTRACTION		22	0.23746382	0.8017724	0.7592593	1.0	1.0	3149	tags=32%, list=20%, signal=40%	
REACTOME_PHOSPHATE_BOND_HYDROLYSIS_BY_NTPDASE_PROTEINS	REACTOME_PHOSPHATE_BOND_HYDROLYSIS_BY_NTPDASE_PROTEINS		6	0.35210583	0.7980469	0.70528454	1.0	1.0	4806	tags=50%, list=31%, signal=73%	
REACTOME_CONVERSION_FROM_APC_C_CDC20_TO_APC_C_CDH1_IN_LATE_ANAPHASE	REACTOME_CONVERSION_FROM_APC_C_CDC20_TO_APC_C_CDH1_IN_LATE_ANAPHASE		20	0.24763565	0.7977404	0.75545853	1.0	1.0	2717	tags=25%, list=18%, signal=30%	
REACTOME_RHOBTB_GTPASE_CYCLE	REACTOME_RHOBTB_GTPASE_CYCLE		34	0.20529543	0.7974299	0.7903226	1.0	1.0	4700	tags=44%, list=30%, signal=63%	
REACTOME_VITAMIN_C_ASCORBATE_METABOLISM	REACTOME_VITAMIN_C_ASCORBATE_METABOLISM		8	0.31730664	0.7942106	0.72943723	1.0	1.0	1951	tags=25%, list=13%, signal=29%	
REACTOME_APC_C_CDH1_MEDIATED_DEGRADATION_OF_CDC20_AND_OTHER_APC_C_CDH1_TARGETED_PROTEINS_IN_LATE_MITOSIS_EARLY_G1	REACTOME_APC_C_CDH1_MEDIATED_DEGRADATION_OF_CDC20_AND_OTHER_APC_C_CDH1_TARGETED_PROTEINS_IN_LATE_MITOSIS_EARLY_G1		73	0.17072532	0.7882066	0.8886139	1.0	1.0	2925	tags=19%, list=19%, signal=24%	
REACTOME_G1_S_TRANSITION	REACTOME_G1_S_TRANSITION		104	0.1623439	0.7862347	0.8735363	1.0	1.0	3210	tags=20%, list=21%, signal=25%	
REACTOME_METABOLISM_OF_STEROID_HORMONES	REACTOME_METABOLISM_OF_STEROID_HORMONES		20	0.23634706	0.7855761	0.7677725	1.0	1.0	700	tags=15%, list=5%, signal=16%	
REACTOME_NOREPINEPHRINE_NEUROTRANSMITTER_RELEASE_CYCLE	REACTOME_NOREPINEPHRINE_NEUROTRANSMITTER_RELEASE_CYCLE		10	0.29192144	0.7844417	0.7169811	1.0	1.0	4675	tags=50%, list=30%, signal=72%	
REACTOME_PCNA_DEPENDENT_LONG_PATCH_BASE_EXCISION_REPAIR	REACTOME_PCNA_DEPENDENT_LONG_PATCH_BASE_EXCISION_REPAIR		21	0.23738728	0.7841202	0.7659091	1.0	1.0	4417	tags=38%, list=29%, signal=53%	
BIOCARTA_CTCF_PATHWAY	BIOCARTA_CTCF_PATHWAY		22	0.23019844	0.78361964	0.78911567	1.0	1.0	4250	tags=45%, list=28%, signal=63%	
REACTOME_TELOMERE_C_STRAND_SYNTHESIS_INITIATION	REACTOME_TELOMERE_C_STRAND_SYNTHESIS_INITIATION		12	0.27389333	0.78360444	0.7659575	1.0	1.0	3845	tags=33%, list=25%, signal=44%	
REACTOME_BETA_CATENIN_PHOSPHORYLATION_CASCADE	REACTOME_BETA_CATENIN_PHOSPHORYLATION_CASCADE		17	0.25521514	0.7816971	0.76645434	1.0	1.0	3687	tags=41%, list=24%, signal=54%	
REACTOME_MITOTIC_G1_PHASE_AND_G1_S_TRANSITION	REACTOME_MITOTIC_G1_PHASE_AND_G1_S_TRANSITION		129	0.155483	0.7804205	0.92741936	1.0	1.0	3210	tags=19%, list=21%, signal=24%	
BIOCARTA_PELP1_PATHWAY	BIOCARTA_PELP1_PATHWAY		5	0.36724967	0.77697	0.74242425	1.0	1.0	1373	tags=20%, list=9%, signal=22%	
WP_BMP_SIGNALING_PATHWAY_IN_EYELID_DEVELOPMENT	WP_BMP_SIGNALING_PATHWAY_IN_EYELID_DEVELOPMENT		9	0.3019009	0.775389	0.76371306	1.0	1.0	2684	tags=44%, list=17%, signal=54%	
REACTOME_PROCESSING_OF_INTRONLESS_PRE_MRNAS	REACTOME_PROCESSING_OF_INTRONLESS_PRE_MRNAS		20	0.24127902	0.77505934	0.79464287	1.0	1.0	5323	tags=50%, list=35%, signal=76%	
BIOCARTA_FAS_PATHWAY	BIOCARTA_FAS_PATHWAY		28	0.21612231	0.774998	0.7877358	1.0	1.0	2684	tags=21%, list=17%, signal=26%	
REACTOME_THE_ACTIVATION_OF_ARYLSULFATASES	REACTOME_THE_ACTIVATION_OF_ARYLSULFATASES		7	0.33041415	0.7727819	0.7409639	1.0	1.0	1562	tags=29%, list=10%, signal=32%	
REACTOME_NOD1_2_SIGNALING_PATHWAY	REACTOME_NOD1_2_SIGNALING_PATHWAY		32	0.20390232	0.77253544	0.8122363	1.0	1.0	3783	tags=34%, list=25%, signal=45%	
WP_DISTAL_CONVOLUTED_TUBULE_1_DCT1_CELL	WP_DISTAL_CONVOLUTED_TUBULE_1_DCT1_CELL		5	0.368519	0.76919	0.7297297	1.0	1.0	1536	tags=20%, list=10%, signal=22%	
BIOCARTA_CIRCADIAN_PATHWAY	BIOCARTA_CIRCADIAN_PATHWAY		6	0.3388268	0.7683114	0.7357294	1.0	1.0	10195	tags=100%, list=66%, signal=295%	
BIOCARTA_AKAP95_PATHWAY	BIOCARTA_AKAP95_PATHWAY		10	0.2894172	0.76537406	0.7642105	1.0	1.0	300	tags=10%, list=2%, signal=10%	
REACTOME_MITOCHONDRIAL_FATTY_ACID_BETA_OXIDATION	REACTOME_MITOCHONDRIAL_FATTY_ACID_BETA_OXIDATION		32	0.20383424	0.7611383	0.8436782	1.0	1.0	1169	tags=13%, list=8%, signal=13%	
REACTOME_ACTIVATION_OF_APC_C_AND_APC_C_CDC20_MEDIATED_DEGRADATION_OF_MITOTIC_PROTEINS	REACTOME_ACTIVATION_OF_APC_C_AND_APC_C_CDC20_MEDIATED_DEGRADATION_OF_MITOTIC_PROTEINS		75	0.16560827	0.7600093	0.9100257	1.0	1.0	4373	tags=27%, list=28%, signal=37%	
BIOCARTA_BBCELL_PATHWAY	BIOCARTA_BBCELL_PATHWAY		6	0.32947147	0.75755274	0.7478261	1.0	1.0	751	tags=17%, list=5%, signal=18%	
REACTOME_RELEASE_OF_APOPTOTIC_FACTORS_FROM_THE_MITOCHONDRIA	REACTOME_RELEASE_OF_APOPTOTIC_FACTORS_FROM_THE_MITOCHONDRIA		8	0.29338095	0.7518098	0.7910448	1.0	1.0	10896	tags=100%, list=71%, signal=341%	
BIOCARTA_CTBP1_PATHWAY	BIOCARTA_CTBP1_PATHWAY		8	0.30451506	0.7516384	0.73491377	1.0	1.0	2076	tags=25%, list=13%, signal=29%	
REACTOME_REVERSIBLE_HYDRATION_OF_CARBON_DIOXIDE	REACTOME_REVERSIBLE_HYDRATION_OF_CARBON_DIOXIDE		7	0.31338388	0.7497426	0.75757575	1.0	1.0	352	tags=14%, list=2%, signal=15%	
REACTOME_CHK1_CHK2_CDS1_MEDIATED_INACTIVATION_OF_CYCLIN_B_CDK1_COMPLEX	REACTOME_CHK1_CHK2_CDS1_MEDIATED_INACTIVATION_OF_CYCLIN_B_CDK1_COMPLEX		12	0.26742533	0.7480379	0.78826	1.0	1.0	4742	tags=42%, list=31%, signal=60%	
REACTOME_PROCESSING_AND_ACTIVATION_OF_SUMO	REACTOME_PROCESSING_AND_ACTIVATION_OF_SUMO		10	0.2778137	0.74757427	0.8044944	1.0	1.0	2436	tags=20%, list=16%, signal=24%	
REACTOME_ONCOGENE_INDUCED_SENESCENCE	REACTOME_ONCOGENE_INDUCED_SENESCENCE		17	0.22693345	0.7443954	0.82327586	1.0	1.0	11922	tags=100%, list=77%, signal=441%	
REACTOME_REGULATION_OF_TP53_ACTIVITY	REACTOME_REGULATION_OF_TP53_ACTIVITY		145	0.14372218	0.74352545	0.9775	1.0	1.0	3374	tags=21%, list=22%, signal=27%	
REACTOME_METABOLISM_OF_NITRIC_OXIDE_NOS3_ACTIVATION_AND_REGULATION	REACTOME_METABOLISM_OF_NITRIC_OXIDE_NOS3_ACTIVATION_AND_REGULATION		12	0.26532656	0.74317926	0.7995546	1.0	1.0	3854	tags=33%, list=25%, signal=44%	
BIOCARTA_ERBB3_PATHWAY	BIOCARTA_ERBB3_PATHWAY		5	0.34933314	0.74261975	0.7928287	1.0	1.0	2113	tags=40%, list=14%, signal=46%	
REACTOME_REGULATION_OF_PTEN_STABILITY_AND_ACTIVITY	REACTOME_REGULATION_OF_PTEN_STABILITY_AND_ACTIVITY		65	0.16720721	0.7425907	0.92671394	1.0	1.0	2925	tags=20%, list=19%, signal=25%	
REACTOME_HISTIDINE_CATABOLISM	REACTOME_HISTIDINE_CATABOLISM		5	0.34393033	0.7374511	0.8150685	1.0	1.0	4361	tags=60%, list=28%, signal=84%	
REACTOME_APC_C_MEDIATED_DEGRADATION_OF_CELL_CYCLE_PROTEINS	REACTOME_APC_C_MEDIATED_DEGRADATION_OF_CELL_CYCLE_PROTEINS		85	0.1602227	0.73605615	0.9376499	1.0	1.0	4540	tags=27%, list=29%, signal=38%	
BIOCARTA_LONGEVITY_PATHWAY	BIOCARTA_LONGEVITY_PATHWAY		13	0.24853797	0.7334677	0.8411215	1.0	1.0	1445	tags=15%, list=9%, signal=17%	
REACTOME_ORC1_REMOVAL_FROM_CHROMATIN	REACTOME_ORC1_REMOVAL_FROM_CHROMATIN		69	0.16222477	0.73273534	0.92654026	1.0	1.0	4312	tags=28%, list=28%, signal=38%	
REACTOME_POLYMERASE_SWITCHING_ON_THE_C_STRAND_OF_THE_TELOMERE	REACTOME_POLYMERASE_SWITCHING_ON_THE_C_STRAND_OF_THE_TELOMERE		25	0.20731609	0.73119617	0.8535469	1.0	1.0	3845	tags=32%, list=25%, signal=43%	
WP_GPCRS_SMALL_LIGAND	WP_GPCRS_SMALL_LIGAND		12	0.26319724	0.7310071	0.8121086	1.0	1.0	500	tags=8%, list=3%, signal=9%	
WP_G13_SIGNALING_PATHWAY	WP_G13_SIGNALING_PATHWAY		32	0.1924142	0.7294543	0.8967033	1.0	1.0	4636	tags=47%, list=30%, signal=67%	
REACTOME_SUMO_IS_TRANSFERRED_FROM_E1_TO_E2_UBE2I_UBC9	REACTOME_SUMO_IS_TRANSFERRED_FROM_E1_TO_E2_UBE2I_UBC9		5	0.35048333	0.72736704	0.8080169	1.0	1.0	10015	tags=100%, list=65%, signal=285%	
REACTOME_SUMOYLATION_OF_CHROMATIN_ORGANIZATION_PROTEINS	REACTOME_SUMOYLATION_OF_CHROMATIN_ORGANIZATION_PROTEINS		60	0.16900766	0.7273295	0.9166667	1.0	1.0	4136	tags=33%, list=27%, signal=45%	
REACTOME_DUAL_INCISION_IN_GG_NER	REACTOME_DUAL_INCISION_IN_GG_NER		42	0.18082929	0.7264325	0.9139785	1.0	1.0	5150	tags=40%, list=33%, signal=61%	
REACTOME_ENDOSOMAL_SORTING_COMPLEX_REQUIRED_FOR_TRANSPORT_ESCRT	REACTOME_ENDOSOMAL_SORTING_COMPLEX_REQUIRED_FOR_TRANSPORT_ESCRT		31	0.19720651	0.7252562	0.90205014	1.0	1.0	2649	tags=23%, list=17%, signal=27%	
REACTOME_DNA_REPLICATION_INITIATION	REACTOME_DNA_REPLICATION_INITIATION		8	0.29351085	0.72343355	0.82969433	1.0	1.0	5129	tags=50%, list=33%, signal=75%	
REACTOME_REGULATED_NECROSIS	REACTOME_REGULATED_NECROSIS		52	0.17554422	0.7223397	0.9063291	1.0	1.0	4246	tags=31%, list=28%, signal=42%	
REACTOME_CYCLIN_A_B1_B2_ASSOCIATED_EVENTS_DURING_G2_M_TRANSITION	REACTOME_CYCLIN_A_B1_B2_ASSOCIATED_EVENTS_DURING_G2_M_TRANSITION		24	0.20546	0.7204344	0.8802661	1.0	1.0	3135	tags=25%, list=20%, signal=31%	
REACTOME_SIGNALING_BY_FGFR2	REACTOME_SIGNALING_BY_FGFR2		47	0.17588672	0.7194552	0.91972476	1.0	1.0	4811	tags=38%, list=31%, signal=55%	
REACTOME_JNK_C_JUN_KINASES_PHOSPHORYLATION_AND_ACTIVATION_MEDIATED_BY_ACTIVATED_HUMAN_TAK1	REACTOME_JNK_C_JUN_KINASES_PHOSPHORYLATION_AND_ACTIVATION_MEDIATED_BY_ACTIVATED_HUMAN_TAK1		22	0.21457958	0.7179758	0.8370536	1.0	1.0	3783	tags=32%, list=25%, signal=42%	
REACTOME_REGULATION_OF_PYRUVATE_DEHYDROGENASE_PDH_COMPLEX	REACTOME_REGULATION_OF_PYRUVATE_DEHYDROGENASE_PDH_COMPLEX		13	0.25090015	0.71759284	0.85927504	1.0	1.0	5315	tags=46%, list=34%, signal=70%	
REACTOME_ACTIVATION_OF_THE_AP_1_FAMILY_OF_TRANSCRIPTION_FACTORS	REACTOME_ACTIVATION_OF_THE_AP_1_FAMILY_OF_TRANSCRIPTION_FACTORS		9	0.27656758	0.71666336	0.8201285	1.0	1.0	4559	tags=44%, list=30%, signal=63%	
REACTOME_DNA_REPLICATION_PRE_INITIATION	REACTOME_DNA_REPLICATION_PRE_INITIATION		99	0.14858915	0.71495867	0.96805894	1.0	1.0	4417	tags=27%, list=29%, signal=38%	
REACTOME_POLYMERASE_SWITCHING	REACTOME_POLYMERASE_SWITCHING		14	0.23836622	0.71332586	0.8648069	1.0	1.0	3814	tags=36%, list=25%, signal=47%	
REACTOME_RECYCLING_OF_EIF2_GDP	REACTOME_RECYCLING_OF_EIF2_GDP		8	0.2917586	0.7111116	0.82441115	1.0	1.0	10921	tags=100%, list=71%, signal=343%	
REACTOME_SCF_BETA_TRCP_MEDIATED_DEGRADATION_OF_EMI1	REACTOME_SCF_BETA_TRCP_MEDIATED_DEGRADATION_OF_EMI1		10	0.26216045	0.71094644	0.82522124	1.0	1.0	6093	tags=70%, list=40%, signal=116%	
REACTOME_ACTIVATION_OF_KAINATE_RECEPTORS_UPON_GLUTAMATE_BINDING	REACTOME_ACTIVATION_OF_KAINATE_RECEPTORS_UPON_GLUTAMATE_BINDING		23	0.20114626	0.7071148	0.8816326	1.0	1.0	3000	tags=26%, list=19%, signal=32%	
REACTOME_DNA_DAMAGE_RECOGNITION_IN_GG_NER	REACTOME_DNA_DAMAGE_RECOGNITION_IN_GG_NER		39	0.1811883	0.7070664	0.9261905	1.0	1.0	4339	tags=36%, list=28%, signal=50%	
REACTOME_TELOMERE_EXTENSION_BY_TELOMERASE	REACTOME_TELOMERE_EXTENSION_BY_TELOMERASE		19	0.21894181	0.7047271	0.88646287	1.0	1.0	3501	tags=26%, list=23%, signal=34%	
REACTOME_STABILIZATION_OF_P53	REACTOME_STABILIZATION_OF_P53		55	0.16506259	0.700844	0.9479638	1.0	1.0	3374	tags=22%, list=22%, signal=28%	
REACTOME_AURKA_ACTIVATION_BY_TPX2	REACTOME_AURKA_ACTIVATION_BY_TPX2		69	0.15835583	0.7006683	0.9514563	1.0	1.0	4276	tags=29%, list=28%, signal=40%	
REACTOME_DOWNREGULATION_OF_SMAD2_3_SMAD4_TRANSCRIPTIONAL_ACTIVITY	REACTOME_DOWNREGULATION_OF_SMAD2_3_SMAD4_TRANSCRIPTIONAL_ACTIVITY		23	0.20674336	0.6999433	0.8913044	1.0	1.0	3975	tags=35%, list=26%, signal=47%	
BIOCARTA_CHREBP_PATHWAY	BIOCARTA_CHREBP_PATHWAY		7	0.2961711	0.69912267	0.8434959	1.0	1.0	4786	tags=43%, list=31%, signal=62%	
BIOCARTA_ACH_PATHWAY	BIOCARTA_ACH_PATHWAY		11	0.25076672	0.6960442	0.84647304	1.0	1.0	2194	tags=18%, list=14%, signal=21%	
REACTOME_CLEAVAGE_OF_THE_DAMAGED_PYRIMIDINE	REACTOME_CLEAVAGE_OF_THE_DAMAGED_PYRIMIDINE		7	0.2989424	0.6942714	0.85054946	1.0	1.0	10810	tags=100%, list=70%, signal=334%	
REACTOME_TRANSCRIPTIONAL_REGULATION_BY_THE_AP_2_TFAP2_FAMILY_OF_TRANSCRIPTION_FACTORS	REACTOME_TRANSCRIPTIONAL_REGULATION_BY_THE_AP_2_TFAP2_FAMILY_OF_TRANSCRIPTION_FACTORS		14	0.23389529	0.69420236	0.8630137	1.0	1.0	5380	tags=50%, list=35%, signal=77%	
BIOCARTA_PLCE_PATHWAY	BIOCARTA_PLCE_PATHWAY		9	0.26776558	0.69081676	0.86624205	1.0	1.0	11291	tags=100%, list=73%, signal=373%	
REACTOME_LAGGING_STRAND_SYNTHESIS	REACTOME_LAGGING_STRAND_SYNTHESIS		20	0.20476653	0.68868	0.9013158	1.0	1.0	3814	tags=30%, list=25%, signal=40%	
REACTOME_GLUCURONIDATION	REACTOME_GLUCURONIDATION		5	0.32299167	0.68644357	0.82945734	1.0	1.0	2265	tags=40%, list=15%, signal=47%	
REACTOME_N_GLYCAN_TRIMMING_IN_THE_ER_AND_CALNEXIN_CALRETICULIN_CYCLE	REACTOME_N_GLYCAN_TRIMMING_IN_THE_ER_AND_CALNEXIN_CALRETICULIN_CYCLE		16	0.21775454	0.6863076	0.863354	1.0	1.0	3824	tags=38%, list=25%, signal=50%	
WP_NONHOMOLOGOUS_END_JOINING	WP_NONHOMOLOGOUS_END_JOINING		7	0.28979304	0.6853073	0.85871965	1.0	1.0	10951	tags=100%, list=71%, signal=345%	
BIOCARTA_RAB_PATHWAY	BIOCARTA_RAB_PATHWAY		10	0.25270897	0.68522435	0.87383175	1.0	1.0	2306	tags=20%, list=15%, signal=24%	
REACTOME_POST_TRANSCRIPTIONAL_SILENCING_BY_SMALL_RNAS	REACTOME_POST_TRANSCRIPTIONAL_SILENCING_BY_SMALL_RNAS		6	0.30644947	0.684708	0.8689956	1.0	1.0	10694	tags=100%, list=69%, signal=326%	
WP_OVARIAN_INFERTILITY	WP_OVARIAN_INFERTILITY		16	0.2195242	0.68345326	0.89111114	1.0	1.0	3535	tags=31%, list=23%, signal=41%	
BIOCARTA_NGF_PATHWAY	BIOCARTA_NGF_PATHWAY		17	0.21672861	0.68264884	0.9022222	1.0	1.0	3386	tags=35%, list=22%, signal=45%	
REACTOME_DNA_STRAND_ELONGATION	REACTOME_DNA_STRAND_ELONGATION		24	0.196249	0.6825821	0.9045553	1.0	1.0	3997	tags=29%, list=26%, signal=39%	
REACTOME_REGULATION_OF_MRNA_STABILITY_BY_PROTEINS_THAT_BIND_AU_RICH_ELEMENTS	REACTOME_REGULATION_OF_MRNA_STABILITY_BY_PROTEINS_THAT_BIND_AU_RICH_ELEMENTS		83	0.1482416	0.68253744	0.97794116	1.0	1.0	3210	tags=20%, list=21%, signal=26%	
REACTOME_ASSEMBLY_OF_THE_PRE_REPLICATIVE_COMPLEX	REACTOME_ASSEMBLY_OF_THE_PRE_REPLICATIVE_COMPLEX		83	0.14570029	0.68190384	0.9929078	1.0	1.0	3413	tags=22%, list=22%, signal=28%	
REACTOME_CDK_MEDIATED_PHOSPHORYLATION_AND_REMOVAL_OF_CDC6	REACTOME_CDK_MEDIATED_PHOSPHORYLATION_AND_REMOVAL_OF_CDC6		71	0.15005742	0.6810436	0.9659367	1.0	1.0	3210	tags=20%, list=21%, signal=25%	
REACTOME_HDR_THROUGH_SINGLE_STRAND_ANNEALING_SSA	REACTOME_HDR_THROUGH_SINGLE_STRAND_ANNEALING_SSA		36	0.17396444	0.6772606	0.9403973	1.0	1.0	5682	tags=39%, list=37%, signal=61%	
REACTOME_RAS_PROCESSING	REACTOME_RAS_PROCESSING		24	0.19224606	0.6770257	0.9099526	1.0	1.0	3210	tags=25%, list=21%, signal=32%	
REACTOME_SIGNALING_BY_FGFR4	REACTOME_SIGNALING_BY_FGFR4		29	0.18654318	0.671918	0.93721974	1.0	1.0	3386	tags=31%, list=22%, signal=40%	
REACTOME_REGULATION_OF_IFNG_SIGNALING	REACTOME_REGULATION_OF_IFNG_SIGNALING		9	0.25735363	0.6658608	0.8685969	1.0	1.0	1972	tags=22%, list=13%, signal=25%	
BIOCARTA_SHH_PATHWAY	BIOCARTA_SHH_PATHWAY		11	0.24023081	0.66540676	0.90160185	1.0	1.0	281	tags=9%, list=2%, signal=9%	
REACTOME_CYCLIN_A_CDK2_ASSOCIATED_EVENTS_AT_S_PHASE_ENTRY	REACTOME_CYCLIN_A_CDK2_ASSOCIATED_EVENTS_AT_S_PHASE_ENTRY		70	0.14552458	0.6595817	0.97902095	1.0	1.0	3210	tags=20%, list=21%, signal=25%	
REACTOME_REGULATION_OF_PTEN_GENE_TRANSCRIPTION	REACTOME_REGULATION_OF_PTEN_GENE_TRANSCRIPTION		26	0.18362007	0.6584406	0.941048	1.0	1.0	2570	tags=19%, list=17%, signal=23%	
REACTOME_P2Y_RECEPTORS	REACTOME_P2Y_RECEPTORS		8	0.26573554	0.658309	0.8870293	1.0	1.0	646	tags=13%, list=4%, signal=13%	
WP_SEROTONIN_AND_ANXIETY	WP_SEROTONIN_AND_ANXIETY		8	0.26761636	0.6582115	0.9276596	1.0	1.0	4058	tags=38%, list=26%, signal=51%	
REACTOME_WNT_MEDIATED_ACTIVATION_OF_DVL	REACTOME_WNT_MEDIATED_ACTIVATION_OF_DVL		8	0.2611695	0.65412617	0.89008623	1.0	1.0	2539	tags=25%, list=16%, signal=30%	
REACTOME_SMAC_XIAP_REGULATED_APOPTOTIC_RESPONSE	REACTOME_SMAC_XIAP_REGULATED_APOPTOTIC_RESPONSE		5	0.31629145	0.653988	0.8736842	1.0	1.0	10542	tags=100%, list=68%, signal=316%	
REACTOME_GAP_JUNCTION_DEGRADATION	REACTOME_GAP_JUNCTION_DEGRADATION		10	0.24033302	0.6536326	0.9128631	1.0	1.0	687	tags=10%, list=4%, signal=10%	
REACTOME_POLO_LIKE_KINASE_MEDIATED_EVENTS	REACTOME_POLO_LIKE_KINASE_MEDIATED_EVENTS		5	0.30928436	0.6516931	0.8949495	1.0	1.0	10650	tags=100%, list=69%, signal=323%	
REACTOME_DEGRADATION_OF_CYSTEINE_AND_HOMOCYSTEINE	REACTOME_DEGRADATION_OF_CYSTEINE_AND_HOMOCYSTEINE		12	0.23210515	0.6513153	0.8930818	1.0	1.0	3924	tags=42%, list=25%, signal=56%	
REACTOME_TRAFFICKING_OF_AMPA_RECEPTORS	REACTOME_TRAFFICKING_OF_AMPA_RECEPTORS		19	0.20064783	0.65089035	0.9318735	1.0	1.0	1691	tags=16%, list=11%, signal=18%	
REACTOME_PROLONGED_ERK_ACTIVATION_EVENTS	REACTOME_PROLONGED_ERK_ACTIVATION_EVENTS		12	0.2343243	0.64976233	0.8967742	1.0	1.0	11807	tags=100%, list=77%, signal=427%	
REACTOME_MISMATCH_REPAIR_MMR_DIRECTED_BY_MSH2_MSH3_MUTSBETA	REACTOME_MISMATCH_REPAIR_MMR_DIRECTED_BY_MSH2_MSH3_MUTSBETA		10	0.24422374	0.6476345	0.8986784	1.0	1.0	11654	tags=100%, list=76%, signal=409%	
REACTOME_TELOMERE_C_STRAND_LAGGING_STRAND_SYNTHESIS	REACTOME_TELOMERE_C_STRAND_LAGGING_STRAND_SYNTHESIS		33	0.1728806	0.64588064	0.964539	1.0	1.0	3845	tags=27%, list=25%, signal=36%	
REACTOME_ALPHA_OXIDATION_OF_PHYTANATE	REACTOME_ALPHA_OXIDATION_OF_PHYTANATE		5	0.30396423	0.6456877	0.8816326	1.0	1.0	10732	tags=100%, list=70%, signal=329%	
REACTOME_EGFR_TRANSACTIVATION_BY_GASTRIN	REACTOME_EGFR_TRANSACTIVATION_BY_GASTRIN		5	0.30683532	0.64417785	0.9073276	1.0	1.0	3386	tags=40%, list=22%, signal=51%	
REACTOME_APOPTOTIC_CLEAVAGE_OF_CELLULAR_PROTEINS	REACTOME_APOPTOTIC_CLEAVAGE_OF_CELLULAR_PROTEINS		30	0.1753825	0.6424256	0.9543379	1.0	1.0	2764	tags=23%, list=18%, signal=28%	
REACTOME_INSERTION_OF_TAIL_ANCHORED_PROTEINS_INTO_THE_ENDOPLASMIC_RETICULUM_MEMBRANE	REACTOME_INSERTION_OF_TAIL_ANCHORED_PROTEINS_INTO_THE_ENDOPLASMIC_RETICULUM_MEMBRANE		16	0.20686874	0.6411458	0.92402464	1.0	1.0	2465	tags=25%, list=16%, signal=30%	
REACTOME_ADP_SIGNALLING_THROUGH_P2Y_PURINOCEPTOR_12	REACTOME_ADP_SIGNALLING_THROUGH_P2Y_PURINOCEPTOR_12		16	0.20414773	0.63700056	0.93824226	1.0	1.0	2264	tags=19%, list=15%, signal=22%	
WP_G1_TO_S_CELL_CYCLE_CONTROL	WP_G1_TO_S_CELL_CYCLE_CONTROL		58	0.14705706	0.63681203	0.9878049	1.0	1.0	4106	tags=28%, list=27%, signal=37%	
REACTOME_DEGRADATION_OF_AXIN	REACTOME_DEGRADATION_OF_AXIN		53	0.15119967	0.6365728	0.980344	1.0	1.0	3210	tags=21%, list=21%, signal=26%	
BIOCARTA_IRES_PATHWAY	BIOCARTA_IRES_PATHWAY		6	0.28322864	0.633876	0.8868687	1.0	1.0	564	tags=17%, list=4%, signal=17%	
WP_CHOLESTEROL_BIOSYNTHESIS	WP_CHOLESTEROL_BIOSYNTHESIS		15	0.20603672	0.6327809	0.9157667	1.0	1.0	4179	tags=47%, list=27%, signal=64%	
REACTOME_SIGNALING_BY_ERBB4	REACTOME_SIGNALING_BY_ERBB4		28	0.17343384	0.63153696	0.9630485	1.0	1.0	4367	tags=39%, list=28%, signal=55%	
REACTOME_TRAF6_MEDIATED_INDUCTION_OF_TAK1_COMPLEX_WITHIN_TLR4_COMPLEX	REACTOME_TRAF6_MEDIATED_INDUCTION_OF_TAK1_COMPLEX_WITHIN_TLR4_COMPLEX		17	0.19851792	0.629608	0.9201878	1.0	1.0	3210	tags=29%, list=21%, signal=37%	
REACTOME_FANCONI_ANEMIA_PATHWAY	REACTOME_FANCONI_ANEMIA_PATHWAY		38	0.16155772	0.62839943	0.97477067	1.0	1.0	3248	tags=18%, list=21%, signal=23%	
BIOCARTA_DREAM_PATHWAY	BIOCARTA_DREAM_PATHWAY		10	0.23429376	0.62769145	0.9186813	1.0	1.0	11807	tags=100%, list=77%, signal=427%	
REACTOME_MTORC1_MEDIATED_SIGNALLING	REACTOME_MTORC1_MEDIATED_SIGNALLING		24	0.17771472	0.6245462	0.95522386	1.0	1.0	426	tags=8%, list=3%, signal=9%	
REACTOME_FORMATION_OF_RNA_POL_II_ELONGATION_COMPLEX	REACTOME_FORMATION_OF_RNA_POL_II_ELONGATION_COMPLEX		55	0.14593807	0.62399113	0.98160917	1.0	1.0	5092	tags=40%, list=33%, signal=60%	
BIOCARTA_SET_PATHWAY	BIOCARTA_SET_PATHWAY		11	0.233493	0.62305063	0.9339019	1.0	1.0	1373	tags=18%, list=9%, signal=20%	
REACTOME_RHO_GTPASES_ACTIVATE_FORMINS	REACTOME_RHO_GTPASES_ACTIVATE_FORMINS		128	0.12341652	0.6228806	1.0	1.0	1.0	5256	tags=37%, list=34%, signal=55%	
REACTOME_FORMATION_OF_THE_EARLY_ELONGATION_COMPLEX	REACTOME_FORMATION_OF_THE_EARLY_ELONGATION_COMPLEX		32	0.1633453	0.6215873	0.9756098	1.0	1.0	2525	tags=19%, list=16%, signal=22%	
REACTOME_RUNX1_REGULATES_TRANSCRIPTION_OF_GENES_INVOLVED_IN_DIFFERENTIATION_OF_HSCS	REACTOME_RUNX1_REGULATES_TRANSCRIPTION_OF_GENES_INVOLVED_IN_DIFFERENTIATION_OF_HSCS		64	0.14132689	0.6214474	0.9925926	1.0	1.0	4312	tags=27%, list=28%, signal=37%	
REACTOME_FCERI_MEDIATED_NF_KB_ACTIVATION	REACTOME_FCERI_MEDIATED_NF_KB_ACTIVATION		79	0.13343179	0.6160288	0.99753696	1.0	1.0	3478	tags=23%, list=23%, signal=29%	
REACTOME_SUMOYLATION_OF_DNA_DAMAGE_RESPONSE_AND_REPAIR_PROTEINS	REACTOME_SUMOYLATION_OF_DNA_DAMAGE_RESPONSE_AND_REPAIR_PROTEINS		73	0.13633922	0.6159273	0.9951456	1.0	1.0	4534	tags=33%, list=29%, signal=46%	
BIOCARTA_P27_PATHWAY	BIOCARTA_P27_PATHWAY		11	0.22242436	0.6141328	0.9266667	1.0	1.0	3623	tags=27%, list=23%, signal=36%	
REACTOME_CELLULAR_RESPONSE_TO_HYPOXIA	REACTOME_CELLULAR_RESPONSE_TO_HYPOXIA		66	0.13630863	0.6086471	0.99339205	1.0	1.0	4445	tags=30%, list=29%, signal=42%	
REACTOME_GLI3_IS_PROCESSED_TO_GLI3R_BY_THE_PROTEASOME	REACTOME_GLI3_IS_PROCESSED_TO_GLI3R_BY_THE_PROTEASOME		56	0.14133646	0.60680205	0.9930394	1.0	1.0	4312	tags=27%, list=28%, signal=37%	
REACTOME_TERMINATION_OF_TRANSLESION_DNA_SYNTHESIS	REACTOME_TERMINATION_OF_TRANSLESION_DNA_SYNTHESIS		32	0.16115235	0.60664314	0.986637	1.0	1.0	4467	tags=34%, list=29%, signal=48%	
REACTOME_EXTENSION_OF_TELOMERES	REACTOME_EXTENSION_OF_TELOMERES		47	0.14640881	0.60479575	0.9861432	1.0	1.0	3845	tags=26%, list=25%, signal=34%	
REACTOME_OXIDATIVE_STRESS_INDUCED_SENESCENCE	REACTOME_OXIDATIVE_STRESS_INDUCED_SENESCENCE		37	0.15017961	0.596711	0.9928058	1.0	1.0	5170	tags=41%, list=34%, signal=61%	
REACTOME_TRANSCRIPTIONAL_AND_POST_TRANSLATIONAL_REGULATION_OF_MITF_M_EXPRESSION_AND_ACTIVITY	REACTOME_TRANSCRIPTIONAL_AND_POST_TRANSLATIONAL_REGULATION_OF_MITF_M_EXPRESSION_AND_ACTIVITY		21	0.1727928	0.5964855	0.95535713	1.0	1.0	4564	tags=33%, list=30%, signal=47%	
REACTOME_RESOLUTION_OF_AP_SITES_VIA_THE_MULTIPLE_NUCLEOTIDE_PATCH_REPLACEMENT_PATHWAY	REACTOME_RESOLUTION_OF_AP_SITES_VIA_THE_MULTIPLE_NUCLEOTIDE_PATCH_REPLACEMENT_PATHWAY		25	0.16957814	0.59108406	0.9612245	1.0	1.0	3129	tags=24%, list=20%, signal=30%	
REACTOME_REGULATION_OF_TLR_BY_ENDOGENOUS_LIGAND	REACTOME_REGULATION_OF_TLR_BY_ENDOGENOUS_LIGAND		14	0.19696897	0.5906618	0.9491525	1.0	1.0	5486	tags=57%, list=36%, signal=89%	
REACTOME_RIPK1_MEDIATED_REGULATED_NECROSIS	REACTOME_RIPK1_MEDIATED_REGULATED_NECROSIS		31	0.15717264	0.58763933	0.97991073	1.0	1.0	4222	tags=32%, list=27%, signal=44%	
REACTOME_PURINE_SALVAGE	REACTOME_PURINE_SALVAGE		14	0.19346549	0.5792915	0.96909493	1.0	1.0	4739	tags=43%, list=31%, signal=62%	
REACTOME_REGULATION_OF_RAS_BY_GAPS	REACTOME_REGULATION_OF_RAS_BY_GAPS		64	0.1348097	0.5771867	0.9953052	1.0	1.0	1905	tags=14%, list=12%, signal=16%	
REACTOME_MYOGENESIS	REACTOME_MYOGENESIS		17	0.18334436	0.57678646	0.97639483	1.0	1.0	4970	tags=47%, list=32%, signal=69%	
REACTOME_PROCESSIVE_SYNTHESIS_ON_THE_LAGGING_STRAND	REACTOME_PROCESSIVE_SYNTHESIS_ON_THE_LAGGING_STRAND		15	0.18392518	0.57614434	0.9520697	1.0	1.0	12584	tags=100%, list=82%, signal=544%	
REACTOME_NICOTINAMIDE_SALVAGING	REACTOME_NICOTINAMIDE_SALVAGING		14	0.19245207	0.57250756	0.9762419	1.0	1.0	5236	tags=50%, list=34%, signal=76%	
REACTOME_RHO_GTPASES_ACTIVATE_CIT	REACTOME_RHO_GTPASES_ACTIVATE_CIT		7	0.23953964	0.5712951	0.93736017	1.0	1.0	1103	tags=14%, list=7%, signal=15%	
BIOCARTA_IGF1MTOR_PATHWAY	BIOCARTA_IGF1MTOR_PATHWAY		18	0.1814547	0.5698686	0.9735099	1.0	1.0	3870	tags=33%, list=25%, signal=44%	
REACTOME_DEGRADATION_OF_DVL	REACTOME_DEGRADATION_OF_DVL		54	0.13358544	0.56852335	0.99771166	1.0	1.0	4312	tags=26%, list=28%, signal=36%	
REACTOME_CD22_MEDIATED_BCR_REGULATION	REACTOME_CD22_MEDIATED_BCR_REGULATION		8	0.22302331	0.5643566	0.9659319	1.0	1.0	5071	tags=63%, list=33%, signal=93%	
REACTOME_HDR_THROUGH_HOMOLOGOUS_RECOMBINATION_HRR	REACTOME_HDR_THROUGH_HOMOLOGOUS_RECOMBINATION_HRR		59	0.12919731	0.55977607	0.99522674	1.0	1.0	6631	tags=56%, list=43%, signal=98%	
REACTOME_INSULIN_PROCESSING	REACTOME_INSULIN_PROCESSING		10	0.20962322	0.5580865	0.9721627	1.0	1.0	2435	tags=20%, list=16%, signal=24%	
BIOCARTA_PCAF_PATHWAY	BIOCARTA_PCAF_PATHWAY		9	0.20325789	0.53827345	0.98390806	1.0	1.0	12285	tags=100%, list=80%, signal=492%	
REACTOME_REGULATION_OF_TP53_ACTIVITY_THROUGH_ACETYLATION	REACTOME_REGULATION_OF_TP53_ACTIVITY_THROUGH_ACETYLATION		29	0.14625812	0.5357679	0.99117	1.0	1.0	1501	tags=10%, list=10%, signal=11%	
BIOCARTA_SAM68_PATHWAY	BIOCARTA_SAM68_PATHWAY		6	0.23423308	0.52728724	0.97722566	1.0	1.0	11807	tags=100%, list=77%, signal=427%	
REACTOME_CHONDROITIN_SULFATE_BIOSYNTHESIS	REACTOME_CHONDROITIN_SULFATE_BIOSYNTHESIS		12	0.18494396	0.527141	0.97899157	1.0	1.0	2662	tags=25%, list=17%, signal=30%	
REACTOME_SPRY_REGULATION_OF_FGF_SIGNALING	REACTOME_SPRY_REGULATION_OF_FGF_SIGNALING		17	0.16973907	0.52488077	0.97308487	1.0	1.0	1027	tags=12%, list=7%, signal=13%	
REACTOME_DARPP_32_EVENTS	REACTOME_DARPP_32_EVENTS		15	0.17188975	0.5247087	0.9910714	1.0	1.0	4786	tags=40%, list=31%, signal=58%	
REACTOME_SMALL_INTERFERING_RNA_SIRNA_BIOGENESIS	REACTOME_SMALL_INTERFERING_RNA_SIRNA_BIOGENESIS		8	0.20703137	0.5235994	0.9834369	1.0	1.0	2130	tags=25%, list=14%, signal=29%	
REACTOME_GLUTAMATE_NEUROTRANSMITTER_RELEASE_CYCLE	REACTOME_GLUTAMATE_NEUROTRANSMITTER_RELEASE_CYCLE		12	0.17971994	0.51744795	0.9805195	1.0	1.0	10095	tags=92%, list=65%, signal=265%	
BIOCARTA_RANMS_PATHWAY	BIOCARTA_RANMS_PATHWAY		9	0.19797792	0.51569897	0.9743041	1.0	1.0	6002	tags=67%, list=39%, signal=109%	
REACTOME_REGULATION_OF_EXPRESSION_OF_SLITS_AND_ROBOS	REACTOME_REGULATION_OF_EXPRESSION_OF_SLITS_AND_ROBOS		7	0.2208019	0.5152862	0.99126637	1.0	1.0	3210	tags=29%, list=21%, signal=36%	
REACTOME_AUF1_HNRNP_D0_BINDS_AND_DESTABILIZES_MRNA	REACTOME_AUF1_HNRNP_D0_BINDS_AND_DESTABILIZES_MRNA		55	0.11944451	0.514659	1.0	1.0	1.0	3210	tags=18%, list=21%, signal=23%	
REACTOME_NUCLEAR_EVENTS_MEDIATED_BY_NFE2L2	REACTOME_NUCLEAR_EVENTS_MEDIATED_BY_NFE2L2		54	0.11643915	0.5027123	0.9975	1.0	1.0	3687	tags=22%, list=24%, signal=29%	
REACTOME_DOPAMINE_NEUROTRANSMITTER_RELEASE_CYCLE	REACTOME_DOPAMINE_NEUROTRANSMITTER_RELEASE_CYCLE		14	0.1566824	0.47093067	0.99336284	1.0	1.0	4675	tags=43%, list=30%, signal=61%	
REACTOME_MAPK6_MAPK4_SIGNALING	REACTOME_MAPK6_MAPK4_SIGNALING		70	0.10247179	0.4647119	1.0	1.0	1.0	3303	tags=19%, list=21%, signal=24%	
REACTOME_PROTEIN_HYDROXYLATION	REACTOME_PROTEIN_HYDROXYLATION		18	0.14516877	0.46376845	1.0	1.0	1.0	11255	tags=94%, list=73%, signal=349%	
REACTOME_TRAIL_SIGNALING	REACTOME_TRAIL_SIGNALING		5	0.21250813	0.45331568	0.99583334	1.0	1.0	3758	tags=40%, list=24%, signal=53%	
REACTOME_SIGNALING_BY_HIPPO	REACTOME_SIGNALING_BY_HIPPO		16	0.14555515	0.44199333	0.99336284	1.0	1.0	5030	tags=44%, list=33%, signal=65%	
REACTOME_ACETYLCHOLINE_NEUROTRANSMITTER_RELEASE_CYCLE	REACTOME_ACETYLCHOLINE_NEUROTRANSMITTER_RELEASE_CYCLE		8	0.17248535	0.43390575	0.9935205	1.0	1.0	12759	tags=100%, list=83%, signal=580%	
BIOCARTA_RB_PATHWAY	BIOCARTA_RB_PATHWAY		11	0.15470776	0.42832196	0.9978308	0.9988132	1.0	4749	tags=36%, list=31%, signal=53%	
